date,portfolio_value,monthly_return,cumulative_return,rolling_60m_cagr,rolling_60m_vol,rolling_60m_sharpe,weight_AGG,weight_SPY,strategy_name,publish_timestamp
2003-09-30,10000.0000000000,0.0000000000,0.0000000000,,,,0.3000000000,0.7000000000,beta_70_30,2026-02-22T01:25:19+00:00
2003-10-31,10346.6435247507,0.0346643525,0.0346643525,,,,0.3000000000,0.7000000000,beta_70_30,2026-02-22T01:25:19+00:00
2003-11-28,10436.1166770592,0.0086475534,0.0436116677,,,,0.3000000000,0.7000000000,beta_70_30,2026-02-22T01:25:19+00:00
2003-12-31,10834.3276714495,0.0381570087,0.0834327671,,,,0.3000000000,0.7000000000,beta_70_30,2026-02-22T01:25:19+00:00
2004-01-30,10998.5803297580,0.0151603923,0.0998580330,,,,0.3000000000,0.7000000000,beta_70_30,2026-02-22T01:25:19+00:00
2004-02-27,11140.7272812488,0.0129241181,0.1140727281,,,,0.3000000000,0.7000000000,beta_70_30,2026-02-22T01:25:19+00:00
2004-03-31,11060.2806073256,-0.0072209535,0.1060280607,,,,0.3000000000,0.7000000000,beta_70_30,2026-02-22T01:25:19+00:00
2004-04-30,10820.6715463387,-0.0216639224,0.0820671546,,,,0.3000000000,0.7000000000,beta_70_30,2026-02-22T01:25:19+00:00
2004-05-28,10938.1005044837,0.0108522801,0.0938100504,,,,0.3000000000,0.7000000000,beta_70_30,2026-02-22T01:25:19+00:00
2004-06-30,11103.6595076355,0.0151359921,0.1103659508,,,,0.3000000000,0.7000000000,beta_70_30,2026-02-22T01:25:19+00:00
2004-07-30,10884.0498029370,-0.0197781375,0.0884049803,,,,0.3000000000,0.7000000000,beta_70_30,2026-02-22T01:25:19+00:00
2004-08-31,10955.4572322672,0.0065607408,0.0955457232,,,,0.3000000000,0.7000000000,beta_70_30,2026-02-22T01:25:19+00:00
2004-09-30,11049.4235328214,0.0085771227,0.1049423533,,,,0.3000000000,0.7000000000,beta_70_30,2026-02-22T01:25:19+00:00
2004-10-29,11177.8045096421,0.0116187941,0.1177804510,,,,0.3000000000,0.7000000000,beta_70_30,2026-02-22T01:25:19+00:00
2004-11-30,11501.3451851592,0.0289449216,0.1501345185,,,,0.3000000000,0.7000000000,beta_70_30,2026-02-22T01:25:19+00:00
2004-12-31,11771.3612373401,0.0234769106,0.1771361237,,,,0.3000000000,0.7000000000,beta_70_30,2026-02-22T01:25:19+00:00
2005-01-31,11603.8533499395,-0.0142301204,0.1603853350,,,,0.3000000000,0.7000000000,beta_70_30,2026-02-22T01:25:19+00:00
2005-02-28,11760.7234349260,0.0135187924,0.1760723435,,,,0.3000000000,0.7000000000,beta_70_30,2026-02-22T01:25:19+00:00
2005-03-31,11575.7542769808,-0.0157277024,0.1575754277,,,,0.3000000000,0.7000000000,beta_70_30,2026-02-22T01:25:19+00:00
2005-04-29,11483.7751779058,-0.0079458407,0.1483775178,,,,0.3000000000,0.7000000000,beta_70_30,2026-02-22T01:25:19+00:00
2005-05-31,11771.3230175977,0.0250394870,0.1771323018,,,,0.3000000000,0.7000000000,beta_70_30,2026-02-22T01:25:19+00:00
2005-06-30,11814.7502197927,0.0036892372,0.1814750220,,,,0.3000000000,0.7000000000,beta_70_30,2026-02-22T01:25:19+00:00
2005-07-29,12094.4891912995,0.0236770957,0.2094489191,,,,0.3000000000,0.7000000000,beta_70_30,2026-02-22T01:25:19+00:00
2005-08-31,12057.9904489936,-0.0030177994,0.2057990449,,,,0.3000000000,0.7000000000,beta_70_30,2026-02-22T01:25:19+00:00
2005-09-30,12091.8517674489,0.0028082058,0.2091851767,,,,0.3000000000,0.7000000000,beta_70_30,2026-02-22T01:25:19+00:00
2005-10-31,11855.7166407363,-0.0195284503,0.1855716641,,,,0.3000000000,0.7000000000,beta_70_30,2026-02-22T01:25:19+00:00
2005-11-30,12233.8004019799,0.0318904182,0.2233800402,,,,0.3000000000,0.7000000000,beta_70_30,2026-02-22T01:25:19+00:00
2005-12-30,12259.0367540996,0.0020628383,0.2259036754,,,,0.3000000000,0.7000000000,beta_70_30,2026-02-22T01:25:19+00:00
2006-01-31,12462.9168449039,0.0166310041,0.2462916845,,,,0.3000000000,0.7000000000,beta_70_30,2026-02-22T01:25:19+00:00
2006-02-28,12518.8774993057,0.0044901731,0.2518877499,,,,0.3000000000,0.7000000000,beta_70_30,2026-02-22T01:25:19+00:00
2006-03-31,12630.9242546107,0.0089502238,0.2630924255,,,,0.3000000000,0.7000000000,beta_70_30,2026-02-22T01:25:19+00:00
2006-04-28,12736.9699159122,0.0083957167,0.2736969916,,,,0.3000000000,0.7000000000,beta_70_30,2026-02-22T01:25:19+00:00
2006-05-31,12460.8225463184,-0.0216807743,0.2460822546,,,,0.3000000000,0.7000000000,beta_70_30,2026-02-22T01:25:19+00:00
2006-06-30,12477.5627643584,0.0013434280,0.2477562764,,,,0.3000000000,0.7000000000,beta_70_30,2026-02-22T01:25:19+00:00
2006-07-31,12568.6702431568,0.0073017047,0.2568670243,,,,0.3000000000,0.7000000000,beta_70_30,2026-02-22T01:25:19+00:00
2006-08-31,12820.6527630722,0.0200484630,0.2820652763,,,,0.3000000000,0.7000000000,beta_70_30,2026-02-22T01:25:19+00:00
2006-09-29,13101.8795671833,0.0219354513,0.3101879567,,,,0.3000000000,0.7000000000,beta_70_30,2026-02-22T01:25:19+00:00
2006-10-31,13417.8819622925,0.0241188597,0.3417881962,,,,0.3000000000,0.7000000000,beta_70_30,2026-02-22T01:25:19+00:00
2006-11-30,13647.3974666009,0.0171051963,0.3647397467,,,,0.3000000000,0.7000000000,beta_70_30,2026-02-22T01:25:19+00:00
2006-12-29,13750.5547573841,0.0075587518,0.3750554757,,,,0.3000000000,0.7000000000,beta_70_30,2026-02-22T01:25:19+00:00
2007-01-31,13892.4277989060,0.0103176231,0.3892427799,,,,0.3000000000,0.7000000000,beta_70_30,2026-02-22T01:25:19+00:00
2007-02-28,13769.3983934961,-0.0088558607,0.3769398393,,,,0.3000000000,0.7000000000,beta_70_30,2026-02-22T01:25:19+00:00
2007-03-30,13873.0399609239,0.0075269496,0.3873039961,,,,0.3000000000,0.7000000000,beta_70_30,2026-02-22T01:25:19+00:00
2007-04-30,14327.7481674691,0.0327763928,0.4327748167,,,,0.3000000000,0.7000000000,beta_70_30,2026-02-22T01:25:19+00:00
2007-05-31,14628.5176684192,0.0209920985,0.4628517668,,,,0.3000000000,0.7000000000,beta_70_30,2026-02-22T01:25:19+00:00
2007-06-29,14462.2641289736,-0.0113650298,0.4462264129,,,,0.3000000000,0.7000000000,beta_70_30,2026-02-22T01:25:19+00:00
2007-07-31,14191.8518695045,-0.0186977818,0.4191851870,,,,0.3000000000,0.7000000000,beta_70_30,2026-02-22T01:25:19+00:00
2007-08-31,14373.8129900830,0.0128215206,0.4373812990,,,,0.3000000000,0.7000000000,beta_70_30,2026-02-22T01:25:19+00:00
2007-09-28,14790.6284807969,0.0289982547,0.4790628481,,,,0.3000000000,0.7000000000,beta_70_30,2026-02-22T01:25:19+00:00
2007-10-31,14975.8157546655,0.0125205818,0.4975815755,,,,0.3000000000,0.7000000000,beta_70_30,2026-02-22T01:25:19+00:00
2007-11-30,14650.8085995176,-0.0217021337,0.4650808600,,,,0.3000000000,0.7000000000,beta_70_30,2026-02-22T01:25:19+00:00
2007-12-31,14534.9149669745,-0.0079103915,0.4534914967,,,,0.3000000000,0.7000000000,beta_70_30,2026-02-22T01:25:19+00:00
2008-01-31,14020.6182679971,-0.0353835368,0.4020618268,,,,0.3000000000,0.7000000000,beta_70_30,2026-02-22T01:25:19+00:00
2008-02-29,13760.2546093710,-0.0185700554,0.3760254609,,,,0.3000000000,0.7000000000,beta_70_30,2026-02-22T01:25:19+00:00
2008-03-31,13679.4738945899,-0.0058705829,0.3679473895,,,,0.3000000000,0.7000000000,beta_70_30,2026-02-22T01:25:19+00:00
2008-04-30,14149.3158854344,0.0343464957,0.4149315885,,,,0.3000000000,0.7000000000,beta_70_30,2026-02-22T01:25:19+00:00
2008-05-30,14245.3312641258,0.0067858672,0.4245331264,,,,0.3000000000,0.7000000000,beta_70_30,2026-02-22T01:25:19+00:00
2008-06-30,13404.0278290880,-0.0590581868,0.3404027829,,,,0.3000000000,0.7000000000,beta_70_30,2026-02-22T01:25:19+00:00
2008-07-31,13335.5648045464,-0.0051076457,0.3335564805,,,,0.3000000000,0.7000000000,beta_70_30,2026-02-22T01:25:19+00:00
2008-08-29,13509.5019194596,0.0130431007,0.3509501919,,0.0653255182,0.9555200522,0.3000000000,0.7000000000,beta_70_30,2026-02-22T01:25:19+00:00
2008-09-30,12547.6140937277,-0.0712008356,0.2547614094,0.0464349365,0.0737020412,0.6537088333,0.3000000000,0.7000000000,beta_70_30,2026-02-22T01:25:19+00:00
2008-10-31,11010.8604658467,-0.1224737720,0.1010860466,0.0125217347,0.0917133709,0.1826565781,0.3000000000,0.7000000000,beta_70_30,2026-02-22T01:25:19+00:00
2008-11-28,10574.2610524833,-0.0396517070,0.0574261052,0.0026335213,0.0934635426,0.0758819772,0.3000000000,0.7000000000,beta_70_30,2026-02-22T01:25:19+00:00
2008-12-31,10858.1212774365,0.0268444503,0.0858121277,0.0004388409,0.0926723284,0.0521157374,0.3000000000,0.7000000000,beta_70_30,2026-02-22T01:25:19+00:00
2009-01-30,10169.2846148354,-0.0634397650,0.0169284615,-0.0155565942,0.0967052392,-0.1126138029,0.3000000000,0.7000000000,beta_70_30,2026-02-22T01:25:19+00:00
2009-02-27,9372.2153769497,-0.0783800698,-0.0627784623,-0.0339808330,0.1024962310,-0.2844122369,0.3000000000,0.7000000000,beta_70_30,2026-02-22T01:25:19+00:00
2009-03-31,9949.7853902714,0.0616257726,-0.0050214610,-0.0209395356,0.1063920031,-0.1445770045,0.3000000000,0.7000000000,beta_70_30,2026-02-22T01:25:19+00:00
2009-04-30,10657.0994698788,0.0710883755,0.0657099470,-0.0030417744,0.1107738438,0.0286044282,0.3000000000,0.7000000000,beta_70_30,2026-02-22T01:25:19+00:00
2009-05-29,11115.8525505098,0.0430467110,0.1115852551,0.0032292215,0.1123245504,0.0855334708,0.3000000000,0.7000000000,beta_70_30,2026-02-22T01:25:19+00:00
2009-06-30,11124.7875518218,0.0008038071,0.1124787552,0.0003802707,0.1121352359,0.0601155523,0.3000000000,0.7000000000,beta_70_30,2026-02-22T01:25:19+00:00
2009-07-31,11748.1198933272,0.0560309434,0.1748119893,0.0153962845,0.1144398582,0.1913921265,0.3000000000,0.7000000000,beta_70_30,2026-02-22T01:25:19+00:00
2009-08-31,12094.9089520664,0.0295186857,0.2094908952,0.0199864892,0.1150917834,0.2302030260,0.3000000000,0.7000000000,beta_70_30,2026-02-22T01:25:19+00:00
2009-09-30,12438.2170446299,0.0283845124,0.2438217045,0.0239616748,0.1156542422,0.2633362527,0.3000000000,0.7000000000,beta_70_30,2026-02-22T01:25:19+00:00
2009-10-30,12279.1011421598,-0.0127925009,0.2279101142,0.0189714440,0.1157795902,0.2208825900,0.3000000000,0.7000000000,beta_70_30,2026-02-22T01:25:19+00:00
2009-11-30,12856.0199424436,0.0469837974,0.2856019942,0.0225194551,0.1169048722,0.2496172345,0.3000000000,0.7000000000,beta_70_30,2026-02-22T01:25:19+00:00
2009-12-31,12955.3628718157,0.0077273472,0.2955362872,0.0193529377,0.1165398266,0.2233704905,0.3000000000,0.7000000000,beta_70_30,2026-02-22T01:25:19+00:00
2010-01-29,12680.7679819325,-0.0211954611,0.2680767982,0.0179083220,0.1167805627,0.2109810873,0.3000000000,0.7000000000,beta_70_30,2026-02-22T01:25:19+00:00
2010-02-26,12965.2184283188,0.0224316419,0.2965218428,0.0196923476,0.1170263083,0.2257702594,0.3000000000,0.7000000000,beta_70_30,2026-02-22T01:25:19+00:00
2010-03-31,13517.4823421478,0.0425958048,0.3517482342,0.0315001663,0.1181105839,0.3224584973,0.3000000000,0.7000000000,beta_70_30,2026-02-22T01:25:19+00:00
2010-04-30,13703.3271352078,0.0137484769,0.3703327135,0.0359725993,0.1180936489,0.3592456098,0.3000000000,0.7000000000,beta_70_30,2026-02-22T01:25:19+00:00
2010-05-28,12985.6774877765,-0.0523704674,0.2985677488,0.0198301966,0.1202806380,0.2239980970,0.3000000000,0.7000000000,beta_70_30,2026-02-22T01:25:19+00:00
2010-06-30,12584.2518842162,-0.0309129504,0.2584251884,0.0126994441,0.1211881551,0.1652157879,0.3000000000,0.7000000000,beta_70_30,2026-02-22T01:25:19+00:00
2010-07-30,13218.1853411594,0.0503751405,0.3218185341,0.0179275328,0.1227523690,0.2066094992,0.3000000000,0.7000000000,beta_70_30,2026-02-22T01:25:19+00:00
2010-08-31,12853.0180825592,-0.0276261264,0.2853018083,0.0128521087,0.1234529184,0.1655703273,0.3000000000,0.7000000000,beta_70_30,2026-02-22T01:25:19+00:00
2010-09-30,13659.0328608444,0.0627101567,0.3659032861,0.0246733169,0.1264325663,0.2564254703,0.3000000000,0.7000000000,beta_70_30,2026-02-22T01:25:19+00:00
2010-10-29,14030.5334665392,0.0271981633,0.4030533467,0.0342589187,0.1264884609,0.3301949656,0.3000000000,0.7000000000,beta_70_30,2026-02-22T01:25:19+00:00
2010-11-30,13995.3917810832,-0.0025046578,0.3995391781,0.0272703043,0.1258508859,0.2772077253,0.3000000000,0.7000000000,beta_70_30,2026-02-22T01:25:19+00:00
2010-12-31,14621.9689602001,0.0447702493,0.4621968960,0.0358810829,0.1272342751,0.3413256371,0.3000000000,0.7000000000,beta_70_30,2026-02-22T01:25:19+00:00
2011-01-31,14856.7201272846,0.0160546892,0.4856720127,0.0357636107,0.1272225481,0.3404511045,0.3000000000,0.7000000000,beta_70_30,2026-02-22T01:25:19+00:00
2011-02-28,15230.9284707974,0.0251878167,0.5230928471,0.0399972664,0.1275878937,0.3719207548,0.3000000000,0.7000000000,beta_70_30,2026-02-22T01:25:19+00:00
2011-03-31,15222.0158966308,-0.0005851629,0.5222015897,0.0380240315,0.1275832178,0.3569866725,0.3000000000,0.7000000000,beta_70_30,2026-02-22T01:25:19+00:00
2011-04-29,15602.1929228918,0.0249754716,0.5602192923,0.0414151808,0.1279198213,0.3819694158,0.3000000000,0.7000000000,beta_70_30,2026-02-22T01:25:19+00:00
2011-05-31,15537.7482166759,-0.0041304903,0.5537748217,0.0451250896,0.1274410965,0.4109468423,0.3000000000,0.7000000000,beta_70_30,2026-02-22T01:25:19+00:00
2011-06-30,15333.5156409163,-0.0131442840,0.5333515641,0.0420832025,0.1276754273,0.3874980084,0.3000000000,0.7000000000,beta_70_30,2026-02-22T01:25:19+00:00
2011-07-29,15196.3825089330,-0.0089433588,0.5196382509,0.0387001083,0.1277997990,0.3616982298,0.3000000000,0.7000000000,beta_70_30,2026-02-22T01:25:19+00:00
2011-08-31,14680.9013947315,-0.0339213042,0.4680901395,0.0274685013,0.1286847449,0.2753318403,0.3000000000,0.7000000000,beta_70_30,2026-02-22T01:25:19+00:00
2011-09-30,14001.4264426001,-0.0462829178,0.4001426443,0.0133692832,0.1302449275,0.1672797110,0.3000000000,0.7000000000,beta_70_30,2026-02-22T01:25:19+00:00
2011-10-31,15076.4855964643,0.0767821163,0.5076485596,0.0235833904,0.1341499633,0.2409242936,0.3000000000,0.7000000000,beta_70_30,2026-02-22T01:25:19+00:00
2011-11-30,15018.6378342179,-0.0038369527,0.5018637834,0.0193331328,0.1340192337,0.2099068513,0.3000000000,0.7000000000,beta_70_30,2026-02-22T01:25:19+00:00
2011-12-30,15189.6104923960,0.0113840323,0.5189610492,0.0201059566,0.1340604173,0.2155491682,0.3000000000,0.7000000000,beta_70_30,2026-02-22T01:25:19+00:00
2012-01-31,15715.7604885235,0.0346388077,0.5715760489,0.0249706997,0.1347915122,0.2504671681,0.3000000000,0.7000000000,beta_70_30,2026-02-22T01:25:19+00:00
2012-02-29,16192.6317674356,0.0303435064,0.6192631767,0.0329528419,0.1352405173,0.3076054617,0.3000000000,0.7000000000,beta_70_30,2026-02-22T01:25:19+00:00
2012-03-30,16529.3733411020,0.0207959755,0.6529373341,0.0356593976,0.1354515643,0.3267184635,0.3000000000,0.7000000000,beta_70_30,2026-02-22T01:25:19+00:00
2012-04-30,16497.0584412056,-0.0019549985,0.6497058441,0.0285980927,0.1348236513,0.2767188721,0.3000000000,0.7000000000,beta_70_30,2026-02-22T01:25:19+00:00
2012-05-31,15856.8965953675,-0.0388046056,0.5856896595,0.0162570577,0.1358585906,0.1865830330,0.3000000000,0.7000000000,beta_70_30,2026-02-22T01:25:19+00:00
2012-06-29,16306.3999881258,0.0283475010,0.6306399988,0.0242933672,0.1362176778,0.2443986317,0.3000000000,0.7000000000,beta_70_30,2026-02-22T01:25:19+00:00
2012-07-31,16508.0600802205,0.0123669291,0.6508060080,0.0306979073,0.1359298620,0.2906230879,0.3000000000,0.7000000000,beta_70_30,2026-02-22T01:25:19+00:00
2012-08-31,16797.5593157537,0.0175368416,0.6797559316,0.0316558344,0.1360134285,0.2973781406,0.3000000000,0.7000000000,beta_70_30,2026-02-22T01:25:19+00:00
2012-09-28,17109.0818987821,0.0185457052,0.7109081899,0.0295513570,0.1356928080,0.2826746025,0.3000000000,0.7000000000,beta_70_30,2026-02-22T01:25:19+00:00
2012-10-31,16888.7075629886,-0.0128805471,0.6888707563,0.0243330501,0.1358132471,0.2450179602,0.3000000000,0.7000000000,beta_70_30,2026-02-22T01:25:19+00:00
2012-11-30,16969.3285635424,0.0047736631,0.6969328564,0.0298183184,0.1353581854,0.2849612974,0.3000000000,0.7000000000,beta_70_30,2026-02-22T01:25:19+00:00
2012-12-31,17062.9774950690,0.0055187176,0.7062977495,0.0325913069,0.1352669055,0.3050093133,0.3000000000,0.7000000000,beta_70_30,2026-02-22T01:25:19+00:00
2013-01-31,17642.5998941813,0.0339695929,0.7642599894,0.0470299000,0.1347734824,0.4090440561,0.3000000000,0.7000000000,beta_70_30,2026-02-22T01:25:19+00:00
2013-02-28,17831.4409421165,0.0107036972,0.7831440942,0.0532027731,0.1343854344,0.4537920550,0.3000000000,0.7000000000,beta_70_30,2026-02-22T01:25:19+00:00
2013-03-28,18310.6717372432,0.0268756068,0.8310671737,0.0600515280,0.1346403168,0.5015754712,0.3000000000,0.7000000000,beta_70_30,2026-02-22T01:25:19+00:00
2013-04-30,18610.1343254012,0.0163545386,0.8610134325,0.0563377811,0.1340991086,0.4767659505,0.3000000000,0.7000000000,beta_70_30,2026-02-22T01:25:19+00:00
2013-05-31,18805.9714618414,0.0105231447,0.8805971462,0.0571208629,0.1341177876,0.4822726769,0.3000000000,0.7000000000,beta_70_30,2026-02-22T01:25:19+00:00
2013-06-28,18541.9806609109,-0.0140376051,0.8541980661,0.0670485023,0.1311971050,0.5616393807,0.3000000000,0.7000000000,beta_70_30,2026-02-22T01:25:19+00:00
2013-07-31,19227.6867554472,0.0369812755,0.9227686755,0.0759277896,0.1318119798,0.6228815101,0.3000000000,0.7000000000,beta_70_30,2026-02-22T01:25:19+00:00
2013-08-30,18776.3419669855,-0.0234736916,0.8776341967,0.0680567518,0.1324725608,0.5646443770,0.3000000000,0.7000000000,beta_70_30,2026-02-22T01:25:19+00:00
2013-09-30,19255.4086849427,0.0255143797,0.9255408685,0.0894274590,0.1279583842,0.7357308412,0.3000000000,0.7000000000,beta_70_30,2026-02-22T01:25:19+00:00
2013-10-31,19927.6712143005,0.0349129193,0.9927671214,0.1259706185,0.1139483067,1.1024320723,0.3000000000,0.7000000000,beta_70_30,2026-02-22T01:25:19+00:00
2013-11-29,20326.1080337070,0.0199941486,1.0326108034,0.1396220414,0.1117125469,1.2312801282,0.3000000000,0.7000000000,beta_70_30,2026-02-22T01:25:19+00:00
2013-12-31,20661.0363317658,0.0164777388,1.0661036332,0.1373116364,0.1115182563,1.2148333485,0.3000000000,0.7000000000,beta_70_30,2026-02-22T01:25:19+00:00
2014-01-31,20246.7689149678,-0.0200506601,1.0246768915,0.1476595231,0.1072095346,1.3445997903,0.3000000000,0.7000000000,beta_70_30,2026-02-22T01:25:19+00:00
2014-02-28,20914.7169323739,0.0329903512,1.0914716932,0.1741455762,0.0993955179,1.6744014760,0.3000000000,0.7000000000,beta_70_30,2026-02-22T01:25:19+00:00
2014-03-31,21026.8767210338,0.0053627209,1.1026876721,0.1614277837,0.0970545307,1.5988474778,0.3000000000,0.7000000000,beta_70_30,2026-02-22T01:25:19+00:00
2014-04-30,21181.0282545768,0.0073311665,1.1181028255,0.1472593453,0.0934037802,1.5248199745,0.3000000000,0.7000000000,beta_70_30,2026-02-22T01:25:19+00:00
2014-05-30,21600.0215785622,0.0197815384,1.1600021579,0.1420951349,0.0923983605,1.4910536777,0.3000000000,0.7000000000,beta_70_30,2026-02-22T01:25:19+00:00
2014-06-30,21908.4441644919,0.0142788092,1.1908444164,0.1451541788,0.0922780968,1.5222021314,0.3000000000,0.7000000000,beta_70_30,2026-02-22T01:25:19+00:00
2014-07-31,21685.8700040691,-0.0101592865,1.1685870004,0.1304248501,0.0905429226,1.4051663681,0.3000000000,0.7000000000,beta_70_30,2026-02-22T01:25:19+00:00
2014-08-29,22359.7315651287,0.0310737619,1.2359731565,0.1307661427,0.0906116464,1.4075330263,0.3000000000,0.7000000000,beta_70_30,2026-02-22T01:25:19+00:00
2014-09-30,22102.5478345355,-0.0115020938,1.2102547835,0.1218552939,0.0907775422,1.3170830675,0.3000000000,0.7000000000,beta_70_30,2026-02-22T01:25:19+00:00
2014-10-31,22537.4784327991,0.0196778490,1.2537478433,0.1291398878,0.0902821122,1.3962415212,0.3000000000,0.7000000000,beta_70_30,2026-02-22T01:25:19+00:00
2014-11-28,23015.3049887462,0.0212014204,1.3015304989,0.1235231861,0.0888888169,1.3601166315,0.3000000000,0.7000000000,beta_70_30,2026-02-22T01:25:19+00:00
2014-12-31,22984.6336765137,-0.0013326485,1.2984633677,0.1214956694,0.0890297159,1.3376113574,0.3000000000,0.7000000000,beta_70_30,2026-02-22T01:25:19+00:00
2015-01-30,22649.4354930785,-0.0145835774,1.2649435493,0.1230067462,0.0886077628,1.3589050448,0.3000000000,0.7000000000,beta_70_30,2026-02-22T01:25:19+00:00
2015-02-27,23479.7344518809,0.0366587043,1.3479734452,0.1261148061,0.0892388109,1.3811809810,0.3000000000,0.7000000000,beta_70_30,2026-02-22T01:25:19+00:00
2015-03-31,23247.9979726413,-0.0098696380,1.3247997973,0.1145458770,0.0884546392,1.2747987076,0.3000000000,0.7000000000,beta_70_30,2026-02-22T01:25:19+00:00
2015-04-30,23385.5184454876,0.0059153684,1.3385518445,0.1128181372,0.0884456264,1.2572157905,0.3000000000,0.7000000000,beta_70_30,2026-02-22T01:25:19+00:00
2015-05-29,23565.2851731207,0.0076870961,1.3565285173,0.1265789116,0.0838940611,1.4685991979,0.3000000000,0.7000000000,beta_70_30,2026-02-22T01:25:19+00:00
2015-06-30,23154.0950506204,-0.0174489771,1.3154095051,0.1296920744,0.0827582666,1.5212926832,0.3000000000,0.7000000000,beta_70_30,2026-02-22T01:25:19+00:00
2015-07-31,23580.1103240071,0.0183991330,1.3580110324,0.1227286343,0.0808371901,1.4783337194,0.3000000000,0.7000000000,beta_70_30,2026-02-22T01:25:19+00:00
2015-08-31,22550.3096727006,-0.0436724272,1.2550309673,0.1189984329,0.0826527422,1.4070323698,0.3000000000,0.7000000000,beta_70_30,2026-02-22T01:25:19+00:00
2015-09-30,22202.4302513964,-0.0154268135,1.2202430251,0.1020368403,0.0797958157,1.2615660218,0.3000000000,0.7000000000,beta_70_30,2026-02-22T01:25:19+00:00
2015-10-30,23528.9661205831,0.0597473274,1.3528966121,0.1089340840,0.0826335394,1.2970220484,0.3000000000,0.7000000000,beta_70_30,2026-02-22T01:25:19+00:00
2015-11-30,23561.7084238117,0.0013915742,1.3561708424,0.1097990363,0.0825421878,1.3078980804,0.3000000000,0.7000000000,beta_70_30,2026-02-22T01:25:19+00:00
2015-12-31,23263.1110177919,-0.0126729947,1.3263111018,0.0973177066,0.0814692556,1.1841045983,0.3000000000,0.7000000000,beta_70_30,2026-02-22T01:25:19+00:00
2016-01-29,22538.9545363414,-0.0311289613,1.2538954536,0.0869314750,0.0832385202,1.0455662815,0.3000000000,0.7000000000,beta_70_30,2026-02-22T01:25:19+00:00
2016-02-29,22585.9115621161,0.0020833720,1.2585911562,0.0819875136,0.0828664697,0.9944975501,0.3000000000,0.7000000000,beta_70_30,2026-02-22T01:25:19+00:00
2016-03-31,23708.6558579661,0.0497099394,1.3708655858,0.0926647993,0.0849723261,1.0882310259,0.3000000000,0.7000000000,beta_70_30,2026-02-22T01:25:19+00:00
2016-04-29,23792.2028295158,0.0035239017,1.3792202830,0.0880523768,0.0846264373,1.0419818021,0.3000000000,0.7000000000,beta_70_30,2026-02-22T01:25:19+00:00
2016-05-31,24076.4926084694,0.0119488633,1.4076492608,0.0915434506,0.0844882434,1.0817490649,0.3000000000,0.7000000000,beta_70_30,2026-02-22T01:25:19+00:00
2016-06-30,24274.8439696811,0.0082383827,1.4274843970,0.0962331761,0.0839591036,1.1395025383,0.3000000000,0.7000000000,beta_70_30,2026-02-22T01:25:19+00:00
2016-07-29,24934.2314898417,0.0271634092,1.4934231490,0.1041069766,0.0840322390,1.2244463140,0.3000000000,0.7000000000,beta_70_30,2026-02-22T01:25:19+00:00
2016-08-31,24939.0186737413,0.0001919924,1.4939018674,0.1117965646,0.0818807957,1.3399433117,0.3000000000,0.7000000000,beta_70_30,2026-02-22T01:25:19+00:00
2016-09-30,24943.8893497929,0.0001953034,1.4943889350,0.1224277043,0.0780295201,1.5252082626,0.3000000000,0.7000000000,beta_70_30,2026-02-22T01:25:19+00:00
2016-10-31,24580.0227803510,-0.0145874031,1.4580022780,0.1026976087,0.0726162037,1.3872573868,0.3000000000,0.7000000000,beta_70_30,2026-02-22T01:25:19+00:00
2016-11-30,25024.6862662256,0.0180904424,1.5024686266,0.1075099059,0.0725270486,1.4494295028,0.3000000000,0.7000000000,beta_70_30,2026-02-22T01:25:19+00:00
2016-12-30,25398.8758918164,0.0149528199,1.5398875892,0.1082904008,0.0725708551,1.4583898905,0.3000000000,0.7000000000,beta_70_30,2026-02-22T01:25:19+00:00
2017-01-31,25733.2473762041,0.0131648143,1.5733247376,0.1036511971,0.0716465002,1.4172611715,0.3000000000,0.7000000000,beta_70_30,2026-02-22T01:25:19+00:00
2017-02-28,26490.8774929321,0.0294416832,1.6490877493,0.1034579321,0.0715915952,1.4158287430,0.3000000000,0.7000000000,beta_70_30,2026-02-22T01:25:19+00:00
2017-03-31,26509.6554210010,0.0007088451,1.6509655421,0.0990805914,0.0714503281,1.3624011903,0.3000000000,0.7000000000,beta_70_30,2026-02-22T01:25:19+00:00
2017-04-28,26765.9987579752,0.0096698102,1.6765998758,0.1016290712,0.0713061880,1.3977605121,0.3000000000,0.7000000000,beta_70_30,2026-02-22T01:25:19+00:00
2017-05-31,27085.5825891398,0.0119399180,1.7085582589,0.1130226375,0.0680230064,1.6144225960,0.3000000000,0.7000000000,beta_70_30,2026-02-22T01:25:19+00:00
2017-06-30,27204.9761601634,0.0044080119,1.7204976160,0.1077915591,0.0674893814,1.5562445314,0.3000000000,0.7000000000,beta_70_30,2026-02-22T01:25:19+00:00
2017-07-31,27623.6549227474,0.0153897860,1.7623654923,0.1084523281,0.0675358318,1.5641260258,0.3000000000,0.7000000000,beta_70_30,2026-02-22T01:25:19+00:00
2017-08-31,27758.0787364873,0.0048662573,1.7758078736,0.1056779379,0.0674402052,1.5287681124,0.3000000000,0.7000000000,beta_70_30,2026-02-22T01:25:19+00:00
2017-09-29,28101.9988687775,0.0123899113,1.8101998869,0.1043382160,0.0673114753,1.5134013337,0.3000000000,0.7000000000,beta_70_30,2026-02-22T01:25:19+00:00
2017-10-31,28573.7851990830,0.0167883549,1.8573785199,0.1108982228,0.0667006701,1.6162214971,0.3000000000,0.7000000000,beta_70_30,2026-02-22T01:25:19+00:00
2017-11-30,29172.4389267868,0.0209511524,1.9172438927,0.1144526369,0.0668851066,1.6601387128,0.3000000000,0.7000000000,beta_70_30,2026-02-22T01:25:19+00:00
2017-12-29,29461.6863778328,0.0099150932,1.9461686378,0.1154254693,0.0668640748,1.6738110894,0.3000000000,0.7000000000,beta_70_30,2026-02-22T01:25:19+00:00
2018-01-31,30524.5551736565,0.0360763054,2.0524555174,0.1158796351,0.0670284305,1.6759928815,0.3000000000,0.7000000000,beta_70_30,2026-02-22T01:25:19+00:00
2018-02-28,29655.2608864674,-0.0284785243,1.9655260886,0.1070903415,0.0691264689,1.5117614103,0.3000000000,0.7000000000,beta_70_30,2026-02-22T01:25:19+00:00
2018-03-29,29145.9620330803,-0.0171739799,1.9145962033,0.0974249346,0.0695774111,1.3753430777,0.3000000000,0.7000000000,beta_70_30,2026-02-22T01:25:19+00:00
2018-04-30,29169.1201752844,0.0007945575,1.9169120175,0.0940439387,0.0695442075,1.3312512698,0.3000000000,0.7000000000,beta_70_30,2026-02-22T01:25:19+00:00
2018-05-31,29723.3954624545,0.0190021257,1.9723395462,0.0958737631,0.0697170043,1.3522756985,0.3000000000,0.7000000000,beta_70_30,2026-02-22T01:25:19+00:00
2018-06-29,29852.1943557346,0.0043332497,1.9852194356,0.0999274166,0.0690242492,1.4190778286,0.3000000000,0.7000000000,beta_70_30,2026-02-22T01:25:19+00:00
2018-07-31,30623.7247520950,0.0258450145,2.0623724752,0.0975547531,0.0682539475,1.4024614393,0.3000000000,0.7000000000,beta_70_30,2026-02-22T01:25:19+00:00
2018-08-31,31360.1672065649,0.0240481019,2.1360167207,0.1080349944,0.0670991515,1.5682446911,0.3000000000,0.7000000000,beta_70_30,2026-02-22T01:25:19+00:00
2018-09-28,31432.3711532264,0.0023024095,2.1432371153,0.1029729982,0.0667228795,1.5075112894,0.3000000000,0.7000000000,beta_70_30,2026-02-22T01:25:19+00:00
2018-10-31,29851.1683949873,-0.0503049150,1.9851168395,0.0841789153,0.0706022070,1.1832764264,0.3000000000,0.7000000000,beta_70_30,2026-02-22T01:25:19+00:00
2018-11-30,30307.8602825691,0.0152989619,2.0307860283,0.0831789446,0.0704570087,1.1723871249,0.3000000000,0.7000000000,beta_70_30,2026-02-22T01:25:19+00:00
2018-12-31,28620.0077445209,-0.0556902573,1.8620007745,0.0673418275,0.0756583319,0.9010149844,0.3000000000,0.7000000000,beta_70_30,2026-02-22T01:25:19+00:00
2019-01-31,30302.2552791723,0.0587787239,2.0302255279,0.0839864295,0.0783702014,1.0710086994,0.3000000000,0.7000000000,beta_70_30,2026-02-22T01:25:19+00:00
2019-02-28,30979.4970595631,0.0223495504,2.0979497060,0.0817439486,0.0777946797,1.0515758621,0.3000000000,0.7000000000,beta_70_30,2026-02-22T01:25:19+00:00
2019-03-29,31569.2864868066,0.0190380569,2.1569286487,0.0846709267,0.0779828431,1.0841112119,0.3000000000,0.7000000000,beta_70_30,2026-02-22T01:25:19+00:00
2019-04-30,32453.0849920095,0.0279955173,2.2453084992,0.0890850326,0.0785438152,1.1289869792,0.3000000000,0.7000000000,beta_70_30,2026-02-22T01:25:19+00:00
2019-05-31,31190.4275920459,-0.0389071609,2.1190427592,0.0762506549,0.0810071958,0.9497576615,0.3000000000,0.7000000000,beta_70_30,2026-02-22T01:25:19+00:00
2019-06-28,32812.5247359349,0.0520062490,2.2812524736,0.0841406339,0.0834720097,1.0121080485,0.3000000000,0.7000000000,beta_70_30,2026-02-22T01:25:19+00:00
2019-07-31,33177.6986397980,0.0111291011,2.3177698640,0.0887643237,0.0831220378,1.0675913708,0.3000000000,0.7000000000,beta_70_30,2026-02-22T01:25:19+00:00
2019-08-30,33065.8183304464,-0.0033721540,2.3065818330,0.0813904701,0.0825517621,0.9915135062,0.3000000000,0.7000000000,beta_70_30,2026-02-22T01:25:19+00:00
2019-09-30,33455.4772376509,0.0117843419,2.3455477238,0.0864380767,0.0821564430,1.0529724886,0.3000000000,0.7000000000,beta_70_30,2026-02-22T01:25:19+00:00
2019-10-31,33994.0305231318,0.0160976118,2.3994030523,0.0856740746,0.0820614744,1.0454653352,0.3000000000,0.7000000000,beta_70_30,2026-02-22T01:25:19+00:00
2019-11-29,34851.8753723835,0.0252351615,2.4851875372,0.0865304042,0.0822216335,1.0532407513,0.3000000000,0.7000000000,beta_70_30,2026-02-22T01:25:19+00:00
2019-12-31,35555.8319079936,0.0201985267,2.5555831908,0.0911756138,0.0823300505,1.1041583178,0.3000000000,0.7000000000,beta_70_30,2026-02-22T01:25:19+00:00
2020-01-31,35762.2088427838,0.0058043062,2.5762208843,0.0956539040,0.0817165664,1.1623467680,0.3000000000,0.7000000000,beta_70_30,2026-02-22T01:25:19+00:00
2020-02-28,33950.4286548399,-0.0506618648,2.3950428655,0.0765406075,0.0847443177,0.9147382984,0.3000000000,0.7000000000,beta_70_30,2026-02-22T01:25:19+00:00
2020-03-31,30929.1653533907,-0.0889904317,2.0929165353,0.0587575694,0.0946529521,0.6517991554,0.3000000000,0.7000000000,beta_70_30,2026-02-22T01:25:19+00:00
2020-04-30,33837.9206762348,0.0940457102,2.3837920676,0.0766916205,0.1026660873,0.7726093852,0.3000000000,0.7000000000,beta_70_30,2026-02-22T01:25:19+00:00
2020-05-29,35034.7447580123,0.0353693152,2.5034744758,0.0825432381,0.1034684228,0.8201267996,0.3000000000,0.7000000000,beta_70_30,2026-02-22T01:25:19+00:00
2020-06-30,35538.9453622293,0.0143914451,2.5538945362,0.0894701729,0.1029120388,0.8864396421,0.3000000000,0.7000000000,beta_70_30,2026-02-22T01:25:19+00:00
2020-07-31,37146.1585576944,0.0452239980,2.7146158558,0.0951500192,0.1041758968,0.9271845679,0.3000000000,0.7000000000,beta_70_30,2026-02-22T01:25:19+00:00
2020-08-31,38869.2500659053,0.0463868022,2.8869250066,0.1150407268,0.1028589671,1.1141676122,0.3000000000,0.7000000000,beta_70_30,2026-02-22T01:25:19+00:00
2020-09-30,37839.1223441194,-0.0265023822,2.7839122344,0.1125207196,0.1035230892,1.0856227040,0.3000000000,0.7000000000,beta_70_30,2026-02-22T01:25:19+00:00
2020-10-30,37115.3256327561,-0.0191282637,2.7115325633,0.0954437609,0.1017094108,0.9498815990,0.3000000000,0.7000000000,beta_70_30,2026-02-22T01:25:19+00:00
2020-11-30,40075.7938292848,0.0797640367,3.0075793829,0.1120775442,0.1065877500,1.0534643080,0.3000000000,0.7000000000,beta_70_30,2026-02-22T01:25:19+00:00
2020-12-31,41125.4176930351,0.0261909687,3.1125417693,0.1206977648,0.1063708283,1.1286852321,0.3000000000,0.7000000000,beta_70_30,2026-02-22T01:25:19+00:00
2021-01-29,40740.1893820654,-0.0093671586,3.0740189382,0.1256875301,0.1050968147,1.1837803449,0.3000000000,0.7000000000,beta_70_30,2026-02-22T01:25:19+00:00
2021-02-26,41347.6061490146,0.0149095224,3.1347606149,0.1285545330,0.1050477037,1.2087534435,0.3000000000,0.7000000000,beta_70_30,2026-02-22T01:25:19+00:00
2021-03-31,42519.4248398525,0.0283406659,3.2519424840,0.1239217862,0.1038567331,1.1814633021,0.3000000000,0.7000000000,beta_70_30,2026-02-22T01:25:19+00:00
2021-04-30,44187.6085752776,0.0392334502,3.4187608575,0.1318090674,0.1046131552,1.2411902526,0.3000000000,0.7000000000,beta_70_30,2026-02-22T01:25:19+00:00
2021-05-28,44417.7144185582,0.0052074745,3.4417714419,0.1302970585,0.1046418032,1.2279657542,0.3000000000,0.7000000000,beta_70_30,2026-02-22T01:25:19+00:00
2021-06-30,45225.3649267504,0.0181830722,3.5225364927,0.1325180345,0.1046885659,1.2464158582,0.3000000000,0.7000000000,beta_70_30,2026-02-22T01:25:19+00:00
2021-07-30,46149.7047239562,0.0204385260,3.6149704724,0.1310312068,0.1045188004,1.2355720840,0.3000000000,0.7000000000,beta_70_30,2026-02-22T01:25:19+00:00
2021-08-31,47083.3471024269,0.0202307335,3.7083347102,0.1355273361,0.1044908244,1.2742579172,0.3000000000,0.7000000000,beta_70_30,2026-02-22T01:25:19+00:00
2021-09-30,45417.7606591263,-0.0353752769,3.5417760659,0.1273332312,0.1064382804,1.1841054154,0.3000000000,0.7000000000,beta_70_30,2026-02-22T01:25:19+00:00
2021-10-29,47647.2360899931,0.0490881849,3.7647236090,0.1415398752,0.1071920597,1.2945852720,0.3000000000,0.7000000000,beta_70_30,2026-02-22T01:25:19+00:00
2021-11-30,47417.9585643424,-0.0048119795,3.7417958564,0.1363571327,0.1073975835,1.2494580705,0.3000000000,0.7000000000,beta_70_30,2026-02-22T01:25:19+00:00
2021-12-31,48902.0188116294,0.0312974302,3.8902018812,0.1399937189,0.1077624166,1.2755625185,0.3000000000,0.7000000000,beta_70_30,2026-02-22T01:25:19+00:00
2022-01-31,46803.4035259531,-0.0429146963,3.6803403526,0.1270847360,0.1104658864,1.1428125139,0.3000000000,0.7000000000,beta_70_30,2026-02-22T01:25:19+00:00
2022-02-28,45675.4930267111,-0.0240988991,3.5675493027,0.1151091513,0.1111932310,1.0390351992,0.3000000000,0.7000000000,beta_70_30,2026-02-22T01:25:19+00:00
2022-03-31,46492.0164954800,0.0178766208,3.6492016495,0.1189092395,0.1111782152,1.0700588765,0.3000000000,0.7000000000,beta_70_30,2026-02-22T01:25:19+00:00
2022-04-29,43104.7936018273,-0.0728560116,3.3104793602,0.0999892054,0.1171788934,0.8744072308,0.3000000000,0.7000000000,beta_70_30,2026-02-22T01:25:19+00:00
2022-05-31,43271.2587170019,0.0038618701,3.3271258717,0.0982273863,0.1171868894,0.8605609608,0.3000000000,0.7000000000,beta_70_30,2026-02-22T01:25:19+00:00
2022-06-30,40571.9400280477,-0.0623813304,3.0571940028,0.0832170445,0.1213815966,0.7207731326,0.3000000000,0.7000000000,beta_70_30,2026-02-22T01:25:19+00:00
2022-07-29,43496.1771904874,0.0720753595,3.3496177190,0.0950501016,0.1247513349,0.7921815699,0.3000000000,0.7000000000,beta_70_30,2026-02-22T01:25:19+00:00
2022-08-31,41856.8916895138,-0.0376880362,3.1856891690,0.0856141972,0.1264254367,0.7143724550,0.3000000000,0.7000000000,beta_70_30,2026-02-22T01:25:19+00:00
2022-09-30,38627.7486929108,-0.0771472239,2.8627748693,0.0656937949,0.1319455441,0.5487674713,0.3000000000,0.7000000000,beta_70_30,2026-02-22T01:25:19+00:00
2022-10-31,40677.2368833927,0.0530574072,3.0677236883,0.0731902880,0.1335341928,0.5965605613,0.3000000000,0.7000000000,beta_70_30,2026-02-22T01:25:19+00:00
2022-11-30,42724.9080121559,0.0503394843,3.2724908012,0.0792987632,0.1348154958,0.6344886313,0.3000000000,0.7000000000,beta_70_30,2026-02-22T01:25:19+00:00
2022-12-30,40889.8194040052,-0.0429512594,3.0889819404,0.0677547647,0.1366537853,0.5485806977,0.3000000000,0.7000000000,beta_70_30,2026-02-22T01:25:19+00:00
2023-01-31,43098.3537058301,0.0540118380,3.3098353706,0.0714262131,0.1376815952,0.5705391145,0.3000000000,0.7000000000,beta_70_30,2026-02-22T01:25:19+00:00
2023-02-28,41995.1731582570,-0.0255968141,3.1995173158,0.0720610695,0.1375384526,0.5753233074,0.3000000000,0.7000000000,beta_70_30,2026-02-22T01:25:19+00:00
2023-03-31,43417.8850000740,0.0338779849,3.3417885000,0.0829740589,0.1376390113,0.6490853835,0.3000000000,0.7000000000,beta_70_30,2026-02-22T01:25:19+00:00
2023-04-28,43978.3704805206,0.0129090922,3.3978370481,0.0855833175,0.1376265854,0.6667489213,0.3000000000,0.7000000000,beta_70_30,2026-02-22T01:25:19+00:00
2023-05-31,43969.5109112866,-0.0002014529,3.3969510911,0.0814604538,0.1375722699,0.6390943589,0.3000000000,0.7000000000,beta_70_30,2026-02-22T01:25:19+00:00
2023-06-30,45915.3855675489,0.0442550899,3.5915385568,0.0899244498,0.1385505922,0.6922094535,0.3000000000,0.7000000000,beta_70_30,2026-02-22T01:25:19+00:00
2023-07-31,46965.3418122690,0.0228671987,3.6965341812,0.0892909488,0.1384789321,0.6882669084,0.3000000000,0.7000000000,beta_70_30,2026-02-22T01:25:19+00:00
2023-08-31,46342.1036615638,-0.0132701717,3.6342103662,0.0812334550,0.1386017960,0.6338071681,0.3000000000,0.7000000000,beta_70_30,2026-02-22T01:25:19+00:00
2023-09-29,44443.3278521135,-0.0409730172,3.4443327852,0.0717312281,0.1402617119,0.5645997428,0.3000000000,0.7000000000,beta_70_30,2026-02-22T01:25:19+00:00
2023-10-31,43558.5510160217,-0.0199079790,3.3558551016,0.0785056336,0.1383998918,0.6161212451,0.3000000000,0.7000000000,beta_70_30,2026-02-22T01:25:19+00:00
2023-11-30,46943.8942632480,0.0777193724,3.6943894263,0.0914523179,0.1419218935,0.6887957409,0.3000000000,0.7000000000,beta_70_30,2026-02-22T01:25:19+00:00
2023-12-29,48964.9127033849,0.0430517849,3.8964912703,0.1133790562,0.1397417188,0.8408627375,0.3000000000,0.7000000000,beta_70_30,2026-02-22T01:25:19+00:00
2024-01-31,49488.5948405953,0.0106950489,3.9488594841,0.1030775200,0.1379565198,0.7820353059,0.3000000000,0.7000000000,beta_70_30,2026-02-22T01:25:19+00:00
2024-02-29,51077.5245646404,0.0321069881,4.1077524565,0.1051751106,0.1382174604,0.7946778677,0.3000000000,0.7000000000,beta_70_30,2026-02-22T01:25:19+00:00
2024-03-28,52385.0552384508,0.0255989437,4.2385055238,0.1065945526,0.1383439788,0.8034360081,0.3000000000,0.7000000000,beta_70_30,2026-02-22T01:25:19+00:00
2024-04-30,50517.0839866431,-0.0356584763,4.0517083987,0.0925377636,0.1395147555,0.7054431989,0.3000000000,0.7000000000,beta_70_30,2026-02-22T01:25:19+00:00
2024-05-31,52558.7010039866,0.0404143877,4.2558701004,0.1100042941,0.1385738698,0.8247156934,0.3000000000,0.7000000000,beta_70_30,2026-02-22T01:25:19+00:00
2024-06-28,53996.3239181053,0.0273527101,4.3996323918,0.1047522867,0.1374708615,0.7954655707,0.3000000000,0.7000000000,beta_70_30,2026-02-22T01:25:19+00:00
2024-07-31,54845.8903739994,0.0157337832,4.4845890374,0.1057566672,0.1375000187,0.8019946091,0.3000000000,0.7000000000,beta_70_30,2026-02-22T01:25:19+00:00
2024-08-30,55983.4122784239,0.0207403307,4.5983412278,0.1110561768,0.1374748221,0.8372207282,0.3000000000,0.7000000000,beta_70_30,2026-02-22T01:25:19+00:00
2024-09-30,57030.3951409880,0.0187016622,4.7030395141,0.1125712426,0.1375320586,0.8469315150,0.3000000000,0.7000000000,beta_70_30,2026-02-22T01:25:19+00:00
2024-10-31,56243.2204805880,-0.0138027215,4.6243220481,0.1059449352,0.1378990257,0.8013121744,0.3000000000,0.7000000000,beta_70_30,2026-02-22T01:25:19+00:00
2024-11-29,58778.4653326753,0.0450764524,4.8778465333,0.1101928297,0.1386514681,0.8255839471,0.3000000000,0.7000000000,beta_70_30,2026-02-22T01:25:19+00:00
2024-12-31,57489.9015555971,-0.0219223787,4.7489901556,0.1008702719,0.1392710479,0.7614234746,0.3000000000,0.7000000000,beta_70_30,2026-02-22T01:25:19+00:00
2025-01-31,58659.6762220997,0.0203474808,4.8659676222,0.1040355688,0.1393584746,0.7818173991,0.3000000000,0.7000000000,beta_70_30,2026-02-22T01:25:19+00:00
2025-02-28,58532.1391174810,-0.0021741870,4.8532139117,0.1150897579,0.1367942632,0.8673639732,0.3000000000,0.7000000000,beta_70_30,2026-02-22T01:25:19+00:00
2025-03-31,56244.5665363008,-0.0390823335,4.6244566536,0.1270481611,0.1311619353,0.9807116299,0.3000000000,0.7000000000,beta_70_30,2026-02-22T01:25:19+00:00
2025-04-30,55975.9468950220,-0.0047759216,4.5975946895,0.1059094170,0.1257258533,0.8659134627,0.3000000000,0.7000000000,beta_70_30,2026-02-22T01:25:19+00:00
2025-05-30,58336.4902624005,0.0421706733,4.8336490262,0.1073585617,0.1260515632,0.8744673825,0.3000000000,0.7000000000,beta_70_30,2026-02-22T01:25:19+00:00
2025-06-30,60689.5764601067,0.0403364376,5.0689576460,0.1129660433,0.1268012870,0.9102193031,0.3000000000,0.7000000000,beta_70_30,2026-02-22T01:25:19+00:00
2025-07-31,61619.9619330504,0.0153302351,5.1619961933,0.1065256956,0.1257947520,0.8699745001,0.3000000000,0.7000000000,beta_70_30,2026-02-22T01:25:19+00:00
2025-08-29,62725.0990257193,0.0179347253,5.2725099026,0.1004416992,0.1247193100,0.8318504256,0.3000000000,0.7000000000,beta_70_30,2026-02-22T01:25:19+00:00
2025-09-30,64501.1328661767,0.0283145642,5.4501132866,0.1125646520,0.1239844355,0.9252064578,0.3000000000,0.7000000000,beta_70_30,2026-02-22T01:25:19+00:00
2025-10-31,65696.5045525866,0.0185325689,5.5696504553,0.1209798281,0.1233544676,0.9909926190,0.3000000000,0.7000000000,beta_70_30,2026-02-22T01:25:19+00:00
2025-11-28,65905.5577585116,0.0031821055,5.5905557759,0.1046074837,0.1192552706,0.8966226827,0.3000000000,0.7000000000,beta_70_30,2026-02-22T01:25:19+00:00
2025-12-31,65887.1902424133,-0.0002786945,5.5887190242,0.0988492930,0.1190625244,0.8536107270,0.3000000000,0.7000000000,beta_70_30,2026-02-22T01:25:19+00:00
2026-01-30,66616.3872630140,0.0110673565,5.6616387263,0.1033456994,0.1187902975,0.8899712620,0.3000000000,0.7000000000,beta_70_30,2026-02-22T01:25:19+00:00
2026-02-20,66664.4821954271,0.0007219685,5.6664482195,0.1002435414,0.1188115756,0.8659294327,0.3000000000,0.7000000000,beta_70_30,2026-02-22T01:25:19+00:00
