date,portfolio_value,monthly_return,cumulative_return,rolling_60m_cagr,rolling_60m_vol,rolling_60m_sharpe,weight_BAC,weight_MCD,strategy_name,publish_timestamp
2000-01-31,10000.0000000000,0.0000000000,0.0000000000,,,,0.5000000000,0.5000000000,mcd_bac_50_50_20y,2026-02-22T04:23:16+00:00
2000-02-29,8995.8808308329,-0.1004119169,-0.1004119169,,,,0.5000000000,0.5000000000,mcd_bac_50_50_20y,2026-02-22T04:23:16+00:00
2000-03-31,10478.5677252255,0.1648184233,0.0478567725,,,,0.5000000000,0.5000000000,mcd_bac_50_50_20y,2026-02-22T04:23:16+00:00
2000-04-28,10231.4841897729,-0.0235798958,0.0231484190,,,,0.5000000000,0.5000000000,mcd_bac_50_50_20y,2026-02-22T04:23:16+00:00
2000-05-31,10654.3337366416,0.0413282706,0.0654333737,,,,0.5000000000,0.5000000000,mcd_bac_50_50_20y,2026-02-22T04:23:16+00:00
2000-06-30,9031.5134911155,-0.1523155071,-0.0968486509,,,,0.5000000000,0.5000000000,mcd_bac_50_50_20y,2026-02-22T04:23:16+00:00
2000-07-31,9319.5882294895,0.0318966183,-0.0680411771,,,,0.5000000000,0.5000000000,mcd_bac_50_50_20y,2026-02-22T04:23:16+00:00
2000-08-31,9717.7954915159,0.0427279889,-0.0282204508,,,,0.5000000000,0.5000000000,mcd_bac_50_50_20y,2026-02-22T04:23:16+00:00
2000-09-29,9656.9465631042,-0.0062615980,-0.0343053437,,,,0.5000000000,0.5000000000,mcd_bac_50_50_20y,2026-02-22T04:23:16+00:00
2000-10-31,9389.3323121671,-0.0277120981,-0.0610667688,,,,0.5000000000,0.5000000000,mcd_bac_50_50_20y,2026-02-22T04:23:16+00:00
2000-11-30,8814.5007077864,-0.0612217765,-0.1185499292,,,,0.5000000000,0.5000000000,mcd_bac_50_50_20y,2026-02-22T04:23:16+00:00
2000-12-29,9763.5451761799,0.1076685453,-0.0236454824,,,,0.5000000000,0.5000000000,mcd_bac_50_50_20y,2026-02-22T04:23:16+00:00
2001-01-31,9941.3534614216,0.0182114470,-0.0058646539,,,,0.5000000000,0.5000000000,mcd_bac_50_50_20y,2026-02-22T04:23:16+00:00
2001-02-28,9713.2110001610,-0.0229488331,-0.0286789000,,,,0.5000000000,0.5000000000,mcd_bac_50_50_20y,2026-02-22T04:23:16+00:00
2001-03-30,9630.3746548278,-0.0085282143,-0.0369625345,,,,0.5000000000,0.5000000000,mcd_bac_50_50_20y,2026-02-22T04:23:16+00:00
2001-04-30,9912.6041327932,0.0293061784,-0.0087395867,,,,0.5000000000,0.5000000000,mcd_bac_50_50_20y,2026-02-22T04:23:16+00:00
2001-05-31,10751.0223207872,0.0845810220,0.0751022321,,,,0.5000000000,0.5000000000,mcd_bac_50_50_20y,2026-02-22T04:23:16+00:00
2001-06-29,10250.1532277074,-0.0465880433,0.0250153228,,,,0.5000000000,0.5000000000,mcd_bac_50_50_20y,2026-02-22T04:23:16+00:00
2001-07-31,10950.5933410816,0.0683345993,0.0950593341,,,,0.5000000000,0.5000000000,mcd_bac_50_50_20y,2026-02-22T04:23:16+00:00
2001-08-31,10935.3692241030,-0.0013902550,0.0935369224,,,,0.5000000000,0.5000000000,mcd_bac_50_50_20y,2026-02-22T04:23:16+00:00
2001-09-28,10180.9596038589,-0.0689880337,0.0180959604,,,,0.5000000000,0.5000000000,mcd_bac_50_50_20y,2026-02-22T04:23:16+00:00
2001-10-31,10031.6975510349,-0.0146609022,0.0031697551,,,,0.5000000000,0.5000000000,mcd_bac_50_50_20y,2026-02-22T04:23:16+00:00
2001-11-30,10426.8513040099,0.0393905170,0.0426851304,,,,0.5000000000,0.5000000000,mcd_bac_50_50_20y,2026-02-22T04:23:16+00:00
2001-12-31,10540.2959766790,0.0108800509,0.0540295977,,,,0.5000000000,0.5000000000,mcd_bac_50_50_20y,2026-02-22T04:23:16+00:00
2002-01-31,10688.3522161646,0.0140466871,0.0688352216,,,,0.5000000000,0.5000000000,mcd_bac_50_50_20y,2026-02-22T04:23:16+00:00
2002-02-28,10605.6097288405,-0.0077413698,0.0605609729,,,,0.5000000000,0.5000000000,mcd_bac_50_50_20y,2026-02-22T04:23:16+00:00
2002-03-28,11278.3305016354,0.0634306551,0.1278330502,,,,0.5000000000,0.5000000000,mcd_bac_50_50_20y,2026-02-22T04:23:16+00:00
2002-04-30,11780.1768243861,0.0444965079,0.1780176824,,,,0.5000000000,0.5000000000,mcd_bac_50_50_20y,2026-02-22T04:23:16+00:00
2002-05-31,12370.1836349459,0.0500847160,0.2370183635,,,,0.5000000000,0.5000000000,mcd_bac_50_50_20y,2026-02-22T04:23:16+00:00
2002-06-28,11664.3977620206,-0.0570554079,0.1664397762,,,,0.5000000000,0.5000000000,mcd_bac_50_50_20y,2026-02-22T04:23:16+00:00
2002-07-31,10585.9458290553,-0.0924567179,0.0585945829,,,,0.5000000000,0.5000000000,mcd_bac_50_50_20y,2026-02-22T04:23:16+00:00
2002-08-30,10659.1718043971,0.0069172823,0.0659171804,,,,0.5000000000,0.5000000000,mcd_bac_50_50_20y,2026-02-22T04:23:16+00:00
2002-09-30,8857.0444111680,-0.1690682378,-0.1142955589,,,,0.5000000000,0.5000000000,mcd_bac_50_50_20y,2026-02-22T04:23:16+00:00
2002-10-31,9386.3706509388,0.0597633042,-0.0613629349,,,,0.5000000000,0.5000000000,mcd_bac_50_50_20y,2026-02-22T04:23:16+00:00
2002-11-29,9573.1043422318,0.0198941314,-0.0426895658,,,,0.5000000000,0.5000000000,mcd_bac_50_50_20y,2026-02-22T04:23:16+00:00
2002-12-31,8956.4314757191,-0.0644172302,-0.1043568524,,,,0.5000000000,0.5000000000,mcd_bac_50_50_20y,2026-02-22T04:23:16+00:00
2003-01-31,8474.8974400122,-0.0537640507,-0.1525102560,,,,0.5000000000,0.5000000000,mcd_bac_50_50_20y,2026-02-22T04:23:16+00:00
2003-02-28,8238.4270118477,-0.0279024531,-0.1761572988,,,,0.5000000000,0.5000000000,mcd_bac_50_50_20y,2026-02-22T04:23:16+00:00
2003-03-31,8390.6634058666,0.0184788181,-0.1609336594,,,,0.5000000000,0.5000000000,mcd_bac_50_50_20y,2026-02-22T04:23:16+00:00
2003-04-30,9609.1631348519,0.1452209045,-0.0390836865,,,,0.5000000000,0.5000000000,mcd_bac_50_50_20y,2026-02-22T04:23:16+00:00
2003-05-30,10076.8748940025,0.0486735164,0.0076874894,,,,0.5000000000,0.5000000000,mcd_bac_50_50_20y,2026-02-22T04:23:16+00:00
2003-06-30,11346.3829723567,0.1259823201,0.1346382972,,,,0.5000000000,0.5000000000,mcd_bac_50_50_20y,2026-02-22T04:23:16+00:00
2003-07-31,11844.8126486509,0.0439285081,0.1844812649,,,,0.5000000000,0.5000000000,mcd_bac_50_50_20y,2026-02-22T04:23:16+00:00
2003-08-29,11454.8250200172,-0.0329247613,0.1454825020,,,,0.5000000000,0.5000000000,mcd_bac_50_50_20y,2026-02-22T04:23:16+00:00
2003-09-30,11710.8780568890,0.0223532910,0.1710878057,,,,0.5000000000,0.5000000000,mcd_bac_50_50_20y,2026-02-22T04:23:16+00:00
2003-10-31,11900.7233885462,0.0162110245,0.1900723389,,,,0.5000000000,0.5000000000,mcd_bac_50_50_20y,2026-02-22T04:23:16+00:00
2003-11-28,12122.0443528064,0.0185972698,0.2122044353,,,,0.5000000000,0.5000000000,mcd_bac_50_50_20y,2026-02-22T04:23:16+00:00
2003-12-31,12402.8269326684,0.0231629725,0.2402826933,,,,0.5000000000,0.5000000000,mcd_bac_50_50_20y,2026-02-22T04:23:16+00:00
2004-01-30,12709.5176571206,0.0247274856,0.2709517657,,,,0.5000000000,0.5000000000,mcd_bac_50_50_20y,2026-02-22T04:23:16+00:00
2004-02-27,13377.4247288275,0.0525517246,0.3377424729,,,,0.5000000000,0.5000000000,mcd_bac_50_50_20y,2026-02-22T04:23:16+00:00
2004-03-31,13429.2295975294,0.0038725592,0.3429229598,,,,0.5000000000,0.5000000000,mcd_bac_50_50_20y,2026-02-22T04:23:16+00:00
2004-04-30,13073.6663248765,-0.0264768184,0.3073666325,,,,0.5000000000,0.5000000000,mcd_bac_50_50_20y,2026-02-22T04:23:16+00:00
2004-05-28,13088.8228831002,0.0011593196,0.3088822883,,,,0.5000000000,0.5000000000,mcd_bac_50_50_20y,2026-02-22T04:23:16+00:00
2004-06-30,13171.7671218613,0.0063370281,0.3171767122,,,,0.5000000000,0.5000000000,mcd_bac_50_50_20y,2026-02-22T04:23:16+00:00
2004-07-30,13582.0768173621,0.0311506946,0.3582076817,,,,0.5000000000,0.5000000000,mcd_bac_50_50_20y,2026-02-22T04:23:16+00:00
2004-08-31,13858.9734254295,0.0203869122,0.3858973425,,,,0.5000000000,0.5000000000,mcd_bac_50_50_20y,2026-02-22T04:23:16+00:00
2004-09-30,13931.2603186425,0.0052158909,0.3931260319,,,,0.5000000000,0.5000000000,mcd_bac_50_50_20y,2026-02-22T04:23:16+00:00
2004-10-29,14444.2895312966,0.0368257574,0.4444289531,,,,0.5000000000,0.5000000000,mcd_bac_50_50_20y,2026-02-22T04:23:16+00:00
2004-11-30,15218.2414430306,0.0535818608,0.5218241443,,,,0.5000000000,0.5000000000,mcd_bac_50_50_20y,2026-02-22T04:23:16+00:00
2004-12-31,15739.2816930971,0.0342378751,0.5739281693,,0.2091603220,0.5393169715,0.5000000000,0.5000000000,mcd_bac_50_50_20y,2026-02-22T04:23:16+00:00
2005-01-31,15716.4427277873,-0.0014510805,0.5716442728,0.0946388328,0.2091745925,0.5378927429,0.5000000000,0.5000000000,mcd_bac_50_50_20y,2026-02-22T04:23:16+00:00
2005-02-28,15931.3053021183,0.0136711963,0.5931305302,0.1210927224,0.2031307507,0.6662217193,0.5000000000,0.5000000000,mcd_bac_50_50_20y,2026-02-22T04:23:16+00:00
2005-03-31,15101.4009330073,-0.0520926787,0.5101400933,0.0758285435,0.1926771934,0.4772121493,0.5000000000,0.5000000000,mcd_bac_50_50_20y,2026-02-22T04:23:16+00:00
2005-04-29,14818.6135901776,-0.0187259013,0.4818613590,0.0768960580,0.1925292838,0.4826211090,0.5000000000,0.5000000000,mcd_bac_50_50_20y,2026-02-22T04:23:16+00:00
2005-05-31,15441.2320384353,0.0420159716,0.5441232038,0.0770382585,0.1925539273,0.4832736368,0.5000000000,0.5000000000,mcd_bac_50_50_20y,2026-02-22T04:23:16+00:00
2005-06-30,14601.4484308459,-0.0543857903,0.4601448431,0.1008472980,0.1806060183,0.6236900691,0.5000000000,0.5000000000,mcd_bac_50_50_20y,2026-02-22T04:23:16+00:00
2005-07-29,15179.4736125194,0.0395868386,0.5179473613,0.1024832437,0.1808335626,0.6314105769,0.5000000000,0.5000000000,mcd_bac_50_50_20y,2026-02-22T04:23:16+00:00
2005-08-31,15479.8449478699,0.0197879942,0.5479844948,0.0975890615,0.1802667425,0.6079447804,0.5000000000,0.5000000000,mcd_bac_50_50_20y,2026-02-22T04:23:16+00:00
2005-09-30,15560.6244137260,0.0052183640,0.5560624414,0.1001133588,0.1801404116,0.6211166976,0.5000000000,0.5000000000,mcd_bac_50_50_20y,2026-02-22T04:23:16+00:00
2005-10-31,15424.6202332652,-0.0087402778,0.5424620233,0.1043734416,0.1795459083,0.6443064212,0.5000000000,0.5000000000,mcd_bac_50_50_20y,2026-02-22T04:23:16+00:00
2005-11-30,16609.7433915539,0.0768332147,0.6609743392,0.1350971708,0.1790784863,0.8001719406,0.5000000000,0.5000000000,mcd_bac_50_50_20y,2026-02-22T04:23:16+00:00
2005-12-30,16624.9053118760,0.0009128329,0.6624905312,0.1123214906,0.1737567178,0.7017998438,0.5000000000,0.5000000000,mcd_bac_50_50_20y,2026-02-22T04:23:16+00:00
2006-01-31,16597.0762244191,-0.0016739396,0.6597076224,0.1079424814,0.1737969214,0.6787540257,0.5000000000,0.5000000000,mcd_bac_50_50_20y,2026-02-22T04:23:16+00:00
2006-02-28,16877.3273146067,0.0168855699,0.6877327315,0.1168328253,0.1731807614,0.7271722312,0.5000000000,0.5000000000,mcd_bac_50_50_20y,2026-02-22T04:23:16+00:00
2006-03-31,16779.7299650456,-0.0057827491,0.6779729965,0.1174506614,0.1731237686,0.7305832975,0.5000000000,0.5000000000,mcd_bac_50_50_20y,2026-02-22T04:23:16+00:00
2006-04-28,17637.9393982250,0.0511456045,0.7637939398,0.1221528497,0.1738791131,0.7525298271,0.5000000000,0.5000000000,mcd_bac_50_50_20y,2026-02-22T04:23:16+00:00
2006-05-31,17100.9610076707,-0.0304445082,0.7100961008,0.0972716300,0.1715598263,0.6286093617,0.5000000000,0.5000000000,mcd_bac_50_50_20y,2026-02-22T04:23:16+00:00
2006-06-30,17158.8047860206,0.0033824870,0.7158804786,0.1085399146,0.1697130253,0.6943380969,0.5000000000,0.5000000000,mcd_bac_50_50_20y,2026-02-22T04:23:16+00:00
2006-07-31,18227.6667067913,0.0622923295,0.8227666707,0.1072831357,0.1693103392,0.6888519954,0.5000000000,0.5000000000,mcd_bac_50_50_20y,2026-02-22T04:23:16+00:00
2006-08-31,18446.9322906889,0.0120292733,0.8446932291,0.1102432475,0.1692375957,0.7050068878,0.5000000000,0.5000000000,mcd_bac_50_50_20y,2026-02-22T04:23:16+00:00
2006-09-29,19650.5418563526,0.0652471396,0.9650541856,0.1405574437,0.1671383549,0.8744893140,0.5000000000,0.5000000000,mcd_bac_50_50_20y,2026-02-22T04:23:16+00:00
2006-10-31,20408.8070716756,0.0385874965,1.0408807072,0.1526266004,0.1670955506,0.9384474000,0.5000000000,0.5000000000,mcd_bac_50_50_20y,2026-02-22T04:23:16+00:00
2006-11-30,20772.9125198294,0.0178406042,1.0772912520,0.1478069297,0.1666824938,0.9149155316,0.5000000000,0.5000000000,mcd_bac_50_50_20y,2026-02-22T04:23:16+00:00
2006-12-29,21268.2229599703,0.0238440536,1.1268222960,0.1507359463,0.1667543859,0.9300697081,0.5000000000,0.5000000000,mcd_bac_50_50_20y,2026-02-22T04:23:16+00:00
2007-01-31,21111.6858643954,-0.0073601399,1.1111685864,0.1458359177,0.1669997103,0.9030664626,0.5000000000,0.5000000000,mcd_bac_50_50_20y,2026-02-22T04:23:16+00:00
2007-02-28,20717.0169212898,-0.0186943357,1.0717016921,0.1432950306,0.1673421120,0.8881281746,0.5000000000,0.5000000000,mcd_bac_50_50_20y,2026-02-22T04:23:16+00:00
2007-03-30,21078.1850620969,0.0174334047,1.1078185062,0.1332289984,0.1657450799,0.8411821001,0.5000000000,0.5000000000,mcd_bac_50_50_20y,2026-02-22T04:23:16+00:00
2007-04-30,21809.0209452792,0.0346726192,1.1809020945,0.1310892427,0.1654066126,0.8310249179,0.5000000000,0.5000000000,mcd_bac_50_50_20y,2026-02-22T04:23:16+00:00
2007-05-31,22401.1813326394,0.0271520849,1.2401181333,0.1261051768,0.1646334349,0.8070686885,0.5000000000,0.5000000000,mcd_bac_50_50_20y,2026-02-22T04:23:16+00:00
2007-06-29,22045.7162281591,-0.0158681410,1.2045716228,0.1357751919,0.1621789774,0.8700754315,0.5000000000,0.5000000000,mcd_bac_50_50_20y,2026-02-22T04:23:16+00:00
2007-07-31,21086.7055432490,-0.0435009992,1.1086705543,0.1477724952,0.1571813654,0.9600316624,0.5000000000,0.5000000000,mcd_bac_50_50_20y,2026-02-22T04:23:16+00:00
2007-08-31,22115.4838283071,0.0487880045,1.2115483828,0.1571631541,0.1579881364,1.0081341268,0.5000000000,0.5000000000,mcd_bac_50_50_20y,2026-02-22T04:23:16+00:00
2007-09-28,23337.2050710015,0.0552427997,1.3337205071,0.2138136136,0.1355935240,1.5054954937,0.5000000000,0.5000000000,mcd_bac_50_50_20y,2026-02-22T04:23:16+00:00
2007-10-31,24006.3728889733,0.0286738629,1.4006372889,0.2066068030,0.1343065479,1.4736254805,0.5000000000,0.5000000000,mcd_bac_50_50_20y,2026-02-22T04:23:16+00:00
2007-11-30,23523.6026153292,-0.0201100881,1.3523602615,0.1969891350,0.1352884775,1.4037907054,0.5000000000,0.5000000000,mcd_bac_50_50_20y,2026-02-22T04:23:16+00:00
2007-12-31,22523.1763388031,-0.0425286166,1.2523176339,0.2025383240,0.1329823967,1.4610537550,0.5000000000,0.5000000000,mcd_bac_50_50_20y,2026-02-22T04:23:16+00:00
2008-01-31,22293.0644077830,-0.0102166732,1.2293064408,0.2134085867,0.1297088747,1.5650733691,0.5000000000,0.5000000000,mcd_bac_50_50_20y,2026-02-22T04:23:16+00:00
2008-02-29,21366.7408848814,-0.0415520947,1.1366740885,0.2099816860,0.1308071483,1.5310629409,0.5000000000,0.5000000000,mcd_bac_50_50_20y,2026-02-22T04:23:16+00:00
2008-03-31,21373.5442727007,0.0003184102,1.1373544273,0.2056355605,0.1310085948,1.5009846939,0.5000000000,0.5000000000,mcd_bac_50_50_20y,2026-02-22T04:23:16+00:00
2008-04-30,21999.3320596981,0.0292786156,1.1999332060,0.1801705844,0.1173694065,1.4778419942,0.5000000000,0.5000000000,mcd_bac_50_50_20y,2026-02-22T04:23:16+00:00
2008-05-30,20916.9904354083,-0.0491988403,1.0916990435,0.1572699232,0.1197039319,1.2854963408,0.5000000000,0.5000000000,mcd_bac_50_50_20y,2026-02-22T04:23:16+00:00
2008-06-30,17460.5887139669,-0.1652437396,0.7460588714,0.0900346133,0.1337392376,0.7150762653,0.5000000000,0.5000000000,mcd_bac_50_50_20y,2026-02-22T04:23:16+00:00
2008-07-31,21317.6335100713,0.2209000429,1.1317633510,0.1247141504,0.1635194245,0.8012996738,0.5000000000,0.5000000000,mcd_bac_50_50_20y,2026-02-22T04:23:16+00:00
2008-08-29,21208.5797915389,-0.0051156578,1.1208579792,0.1311094365,0.1624724683,0.8406955567,0.5000000000,0.5000000000,mcd_bac_50_50_20y,2026-02-22T04:23:16+00:00
2008-09-30,22710.1810892761,0.0708015960,1.2710181089,0.1416322474,0.1645690153,0.8888644253,0.5000000000,0.5000000000,mcd_bac_50_50_20y,2026-02-22T04:23:16+00:00
2008-10-31,18502.7734766268,-0.1852652604,0.8502773477,0.0922767620,0.1867403208,0.5675490206,0.5000000000,0.5000000000,mcd_bac_50_50_20y,2026-02-22T04:23:16+00:00
2008-11-28,15685.5567302597,-0.1522591600,0.5685556730,0.0528943951,0.2000790788,0.3589230852,0.5000000000,0.5000000000,mcd_bac_50_50_20y,2026-02-22T04:23:16+00:00
2008-12-31,15252.2326827258,-0.0276256721,0.5252232683,0.0422275468,0.2004809959,0.3075367370,0.5000000000,0.5000000000,mcd_bac_50_50_20y,2026-02-22T04:23:16+00:00
2009-01-30,10678.6747324361,-0.2998615380,0.0678674732,-0.0342212222,0.2422348180,-0.0134684742,0.5000000000,0.5000000000,mcd_bac_50_50_20y,2026-02-22T04:23:16+00:00
2009-02-27,8058.2708292752,-0.2453866204,-0.1941729171,-0.0964048968,0.2646302862,-0.2375019251,0.5000000000,0.5000000000,mcd_bac_50_50_20y,2026-02-22T04:23:16+00:00
2009-03-31,11183.7810907233,0.3878636407,0.1183781091,-0.0359323462,0.3177137237,0.0439012005,0.5000000000,0.5000000000,mcd_bac_50_50_20y,2026-02-22T04:23:16+00:00
2009-04-30,12782.6597860660,0.1429640550,0.2782659786,-0.0044919717,0.3236958769,0.1477812724,0.5000000000,0.5000000000,mcd_bac_50_50_20y,2026-02-22T04:23:16+00:00
2009-05-29,15141.0603709590,0.1844999886,0.5141060371,0.0295587645,0.3336029724,0.2533080619,0.5000000000,0.5000000000,mcd_bac_50_50_20y,2026-02-22T04:23:16+00:00
2009-06-30,16313.7825033178,0.0774531046,0.6313782503,0.0437154801,0.3350851352,0.2946341908,0.5000000000,0.5000000000,mcd_bac_50_50_20y,2026-02-22T04:23:16+00:00
2009-07-31,16951.5411412882,0.0390932414,0.6951541141,0.0453184146,0.3352144494,0.2992593165,0.5000000000,0.5000000000,mcd_bac_50_50_20y,2026-02-22T04:23:16+00:00
2009-08-31,18814.1918272772,0.1098809053,0.8814191827,0.0630431691,0.3382431164,0.3494966782,0.5000000000,0.5000000000,mcd_bac_50_50_20y,2026-02-22T04:23:16+00:00
2009-09-30,18600.2085502607,-0.0113735035,0.8600208550,0.0595110275,0.3383706958,0.3395594481,0.5000000000,0.5000000000,mcd_bac_50_50_20y,2026-02-22T04:23:16+00:00
2009-10-30,17564.9834303783,-0.0556566405,0.7564983430,0.0398969678,0.3393820041,0.2840471386,0.5000000000,0.5000000000,mcd_bac_50_50_20y,2026-02-22T04:23:16+00:00
2009-11-30,19106.8545533810,0.0877809609,0.9106854553,0.0465619609,0.3406577580,0.3030616645,0.5000000000,0.5000000000,mcd_bac_50_50_20y,2026-02-22T04:23:16+00:00
2009-12-31,18514.0548083499,-0.0310255015,0.8514054808,0.0330071497,0.3409091219,0.2645503627,0.5000000000,0.5000000000,mcd_bac_50_50_20y,2026-02-22T04:23:16+00:00
2010-01-29,18586.3352181391,0.0039040832,0.8586335218,0.0341127727,0.3408888852,0.2677079498,0.5000000000,0.5000000000,mcd_bac_50_50_20y,2026-02-22T04:23:16+00:00
2010-02-26,19784.5437243542,0.0644671740,0.9784543724,0.0442751313,0.3418283561,0.2966923553,0.5000000000,0.5000000000,mcd_bac_50_50_20y,2026-02-22T04:23:16+00:00
2010-03-31,20942.2315342569,0.0585147591,1.0942231534,0.0675817567,0.3414225697,0.3618370858,0.5000000000,0.5000000000,mcd_bac_50_50_20y,2026-02-22T04:23:16+00:00
2010-04-30,21537.8597543281,0.0284414877,1.1537859754,0.0776531290,0.3412587118,0.3896540099,0.5000000000,0.5000000000,mcd_bac_50_50_20y,2026-02-22T04:23:16+00:00
2010-05-28,19793.7520274951,-0.0809786927,0.9793752027,0.0509189789,0.3434171213,0.3155751005,0.5000000000,0.5000000000,mcd_bac_50_50_20y,2026-02-22T04:23:16+00:00
2010-06-30,18790.1859351307,-0.0507011551,0.8790185935,0.0517366975,0.3432826576,0.3178454175,0.5000000000,0.5000000000,mcd_bac_50_50_20y,2026-02-22T04:23:16+00:00
2010-07-30,19124.9880904360,0.0178179267,0.9124988090,0.0472946678,0.3430273003,0.3053897959,0.5000000000,0.5000000000,mcd_bac_50_50_20y,2026-02-22T04:23:16+00:00
2010-08-31,18580.5666162629,-0.0284665000,0.8580566616,0.0371903549,0.3433895257,0.2769628404,0.5000000000,0.5000000000,mcd_bac_50_50_20y,2026-02-22T04:23:16+00:00
2010-09-30,19249.9806590324,0.0360276442,0.9249980659,0.0434716529,0.3436164739,0.2947122799,0.5000000000,0.5000000000,mcd_bac_50_50_20y,2026-02-22T04:23:16+00:00
2010-10-29,18458.7931423829,-0.0411006915,0.8458793142,0.0365679212,0.3442497071,0.2753696219,0.5000000000,0.5000000000,mcd_bac_50_50_20y,2026-02-22T04:23:16+00:00
2010-11-30,18191.3942281239,-0.0144862620,0.8191394228,0.0183583120,0.3429504949,0.2231576204,0.5000000000,0.5000000000,mcd_bac_50_50_20y,2026-02-22T04:23:16+00:00
2010-12-31,20007.8922415780,0.0998547990,1.0007892242,0.0377397008,0.3454750325,0.2788057038,0.5000000000,0.5000000000,mcd_bac_50_50_20y,2026-02-22T04:23:16+00:00
2011-01-31,19897.6535116693,-0.0055097623,0.9897653512,0.0369410204,0.3455011968,0.2765641506,0.5000000000,0.5000000000,mcd_bac_50_50_20y,2026-02-22T04:23:16+00:00
2011-02-28,20658.4467470682,0.0382353243,1.0658446747,0.0412590724,0.3457451819,0.2887189791,0.5000000000,0.5000000000,mcd_bac_50_50_20y,2026-02-22T04:23:16+00:00
2011-03-31,20027.4105349500,-0.0305461596,1.0027410535,0.0360195877,0.3461277546,0.2740910330,0.5000000000,0.5000000000,mcd_bac_50_50_20y,2026-02-22T04:23:16+00:00
2011-04-29,19530.7913209062,-0.0247969758,0.9530791321,0.0205972616,0.3458643092,0.2303851413,0.5000000000,0.5000000000,mcd_bac_50_50_20y,2026-02-22T04:23:16+00:00
2011-05-31,19587.9210062441,0.0029251086,0.9587921006,0.0275277640,0.3454582989,0.2499749504,0.5000000000,0.5000000000,mcd_bac_50_50_20y,2026-02-22T04:23:16+00:00
2011-06-30,19271.1285531126,-0.0161728472,0.9271128553,0.0234909881,0.3456128708,0.2385468286,0.5000000000,0.5000000000,mcd_bac_50_50_20y,2026-02-22T04:23:16+00:00
2011-07-29,18419.0109172403,-0.0442173189,0.8419010917,0.0020907315,0.3454213506,0.1770096854,0.5000000000,0.5000000000,mcd_bac_50_50_20y,2026-02-22T04:23:16+00:00
2011-08-31,17451.5892247789,-0.0525229990,0.7451589225,-0.0110321678,0.3463628604,0.1392541628,0.5000000000,0.5000000000,mcd_bac_50_50_20y,2026-02-22T04:23:16+00:00
2011-09-30,15012.1587537368,-0.1397827120,0.5012158754,-0.0524247175,0.3510956600,0.0205827091,0.5000000000,0.5000000000,mcd_bac_50_50_20y,2026-02-22T04:23:16+00:00
2011-10-31,16312.8849849844,0.0866448492,0.6312884985,-0.0438134493,0.3528067876,0.0477257552,0.5000000000,0.5000000000,mcd_bac_50_50_20y,2026-02-22T04:23:16+00:00
2011-11-30,14963.4109377553,-0.0827244260,0.4963410938,-0.0635024573,0.3547152023,-0.0092328596,0.5000000000,0.5000000000,mcd_bac_50_50_20y,2026-02-22T04:23:16+00:00
2011-12-30,15505.1965882043,0.0362073629,0.5505196588,-0.0612515899,0.3549291940,-0.0022606588,0.5000000000,0.5000000000,mcd_bac_50_50_20y,2026-02-22T04:23:16+00:00
2012-01-31,17595.4282793307,0.1348084611,0.7595428279,-0.0357816652,0.3599935213,0.0767551213,0.5000000000,0.5000000000,mcd_bac_50_50_20y,2026-02-22T04:23:16+00:00
2012-02-29,18726.3931550159,0.0642760641,0.8726393155,-0.0200015625,0.3609203399,0.1225351454,0.5000000000,0.5000000000,mcd_bac_50_50_20y,2026-02-22T04:23:16+00:00
2012-03-30,20494.7948676811,0.0944336530,1.0494794868,-0.0055978090,0.3631527428,0.1641884225,0.5000000000,0.5000000000,mcd_bac_50_50_20y,2026-02-22T04:23:16+00:00
2012-04-30,18863.5537925929,-0.0795929447,0.8863553793,-0.0286014093,0.3648432232,0.1007894922,0.5000000000,0.5000000000,mcd_bac_50_50_20y,2026-02-22T04:23:16+00:00
2012-05-31,17273.9540361167,-0.0842683078,0.7273954036,-0.0506547809,0.3667447849,0.0395050871,0.5000000000,0.5000000000,mcd_bac_50_50_20y,2026-02-22T04:23:16+00:00
2012-06-29,18170.9841328528,0.0519296332,0.8170984133,-0.0379207515,0.3673555824,0.0763506555,0.5000000000,0.5000000000,mcd_bac_50_50_20y,2026-02-22T04:23:16+00:00
2012-07-31,17323.1812757060,-0.0466569588,0.7323181276,-0.0385564654,0.3674383788,0.0746156341,0.5000000000,0.5000000000,mcd_bac_50_50_20y,2026-02-22T04:23:16+00:00
2012-08-31,18171.0754158438,0.0489456369,0.8171075416,-0.0385275662,0.3674424432,0.0747006085,0.5000000000,0.5000000000,mcd_bac_50_50_20y,2026-02-22T04:23:16+00:00
2012-09-28,19368.2629647488,0.0658842430,0.9368262965,-0.0365961754,0.3677850277,0.0804177999,0.5000000000,0.5000000000,mcd_bac_50_50_20y,2026-02-22T04:23:16+00:00
2012-10-31,19383.1966759286,0.0007710403,0.9383196676,-0.0418802975,0.3675922446,0.0652785760,0.5000000000,0.5000000000,mcd_bac_50_50_20y,2026-02-22T04:23:16+00:00
2012-11-30,20058.7898487171,0.0348545797,1.0058789849,-0.0313649524,0.3677416760,0.0951451361,0.5000000000,0.5000000000,mcd_bac_50_50_20y,2026-02-22T04:23:16+00:00
2012-12-31,21985.5995568898,0.0960581233,1.1985599557,-0.0048197804,0.3694770698,0.1697160255,0.5000000000,0.5000000000,mcd_bac_50_50_20y,2026-02-22T04:23:16+00:00
2013-01-31,22593.3296779220,0.0276421900,1.2593329678,0.0026794029,0.3695431650,0.1901752193,0.5000000000,0.5000000000,mcd_bac_50_50_20y,2026-02-22T04:23:16+00:00
2013-02-28,22677.6224126629,0.0037308682,1.2677622413,0.0119798084,0.3689159592,0.2150477447,0.5000000000,0.5000000000,mcd_bac_50_50_20y,2026-02-22T04:23:16+00:00
2013-03-28,24084.9456524272,0.0620577949,1.4084945652,0.0241741854,0.3697340880,0.2479685399,0.5000000000,0.5000000000,mcd_bac_50_50_20y,2026-02-22T04:23:16+00:00
2013-04-30,24509.4333144119,0.0176246053,1.4509433314,0.0218443665,0.3696320868,0.2417312324,0.5000000000,0.5000000000,mcd_bac_50_50_20y,2026-02-22T04:23:16+00:00
2013-05-31,25275.8585971925,0.0312706244,1.5275858597,0.0385833211,0.3688750096,0.2858570249,0.5000000000,0.5000000000,mcd_bac_50_50_20y,2026-02-22T04:23:16+00:00
2013-06-28,24862.6410995750,-0.0163483071,1.4862641100,0.0732420389,0.3605025727,0.3751002338,0.5000000000,0.5000000000,mcd_bac_50_50_20y,2026-02-22T04:23:16+00:00
2013-07-31,26429.1155210430,0.0630051496,1.6429115521,0.0439236282,0.3485455110,0.2973661040,0.5000000000,0.5000000000,mcd_bac_50_50_20y,2026-02-22T04:23:16+00:00
2013-08-30,25596.1704992032,-0.0315161898,1.5596170499,0.0383234953,0.3489571103,0.2818842527,0.5000000000,0.5000000000,mcd_bac_50_50_20y,2026-02-22T04:23:16+00:00
2013-09-30,25565.8256835640,-0.0011855217,1.5565825684,0.0239714436,0.3478135329,0.2414169742,0.5000000000,0.5000000000,mcd_bac_50_50_20y,2026-02-22T04:23:16+00:00
2013-10-31,25764.4864214079,0.0077705583,1.5764486421,0.0684567119,0.3366448786,0.3641084782,0.5000000000,0.5000000000,mcd_bac_50_50_20y,2026-02-22T04:23:16+00:00
2013-11-29,27691.9703956878,0.0748116591,1.7691970396,0.1203940252,0.3295977290,0.5096801448,0.5000000000,0.5000000000,mcd_bac_50_50_20y,2026-02-22T04:23:16+00:00
2013-12-31,27433.5885988866,-0.0093305674,1.7433588599,0.1245786647,0.3292291455,0.5213646529,0.5000000000,0.5000000000,mcd_bac_50_50_20y,2026-02-22T04:23:16+00:00
2014-01-31,28068.8387170902,0.0231559249,1.8068838717,0.2132251856,0.2966133733,0.7964979095,0.5000000000,0.5000000000,mcd_bac_50_50_20y,2026-02-22T04:23:16+00:00
2014-02-28,28151.3711300210,0.0029403572,1.8151371130,0.2842558083,0.2711760331,1.0543606087,0.5000000000,0.5000000000,mcd_bac_50_50_20y,2026-02-22T04:23:16+00:00
2014-03-31,29156.6892387748,0.0357111596,1.9156689239,0.2112391787,0.2149207868,1.0026337347,0.5000000000,0.5000000000,mcd_bac_50_50_20y,2026-02-22T04:23:16+00:00
2014-04-30,27908.8628632398,-0.0427972588,1.7908862863,0.1690260323,0.2089171891,0.8536136690,0.5000000000,0.5000000000,mcd_bac_50_50_20y,2026-02-22T04:23:16+00:00
2014-05-30,28028.2865373013,0.0042790591,1.8028286537,0.1310662706,0.1941804693,0.7327739137,0.5000000000,0.5000000000,mcd_bac_50_50_20y,2026-02-22T04:23:16+00:00
2014-06-30,28154.9960708528,0.0045207734,1.8154996071,0.1153217221,0.1918953628,0.6654872444,0.5000000000,0.5000000000,mcd_bac_50_50_20y,2026-02-22T04:23:16+00:00
2014-07-31,27181.4897616801,-0.0345766807,1.7181489762,0.0990382653,0.1925010937,0.5868534543,0.5000000000,0.5000000000,mcd_bac_50_50_20y,2026-02-22T04:23:16+00:00
2014-08-29,27925.6360877505,0.0273769515,1.7925636088,0.0821899621,0.1872065548,0.5153085647,0.5000000000,0.5000000000,mcd_bac_50_50_20y,2026-02-22T04:23:16+00:00
2014-09-30,28966.7166054849,0.0372804585,1.8966716605,0.0926379772,0.1874447450,0.5665666085,0.5000000000,0.5000000000,mcd_bac_50_50_20y,2026-02-22T04:23:16+00:00
2014-10-31,28895.1759741624,-0.0024697529,1.8895175974,0.1046775291,0.1852179208,0.6308099695,0.5000000000,0.5000000000,mcd_bac_50_50_20y,2026-02-22T04:23:16+00:00
2014-11-28,29400.8174994641,0.0174991675,1.9400817499,0.0900189337,0.1818305629,0.5652567458,0.5000000000,0.5000000000,mcd_bac_50_50_20y,2026-02-22T04:23:16+00:00
2014-12-31,29706.9823227577,0.0104134799,1.9706982323,0.0991865322,0.1809376452,0.6138509677,0.5000000000,0.5000000000,mcd_bac_50_50_20y,2026-02-22T04:23:16+00:00
2015-01-30,27232.3155845152,-0.0833025284,1.7232315585,0.0793894306,0.1856051553,0.5044441040,0.5000000000,0.5000000000,mcd_bac_50_50_20y,2026-02-22T04:23:16+00:00
2015-02-27,28903.6385670352,0.0613727825,1.8903638567,0.0787611455,0.1854180753,0.5016153245,0.5000000000,0.5000000000,mcd_bac_50_50_20y,2026-02-22T04:23:16+00:00
2015-03-31,28350.3665646997,-0.0191419499,1.8350366565,0.0624466815,0.1843431079,0.4202880545,0.5000000000,0.5000000000,mcd_bac_50_50_20y,2026-02-22T04:23:16+00:00
2015-04-30,28718.2682110546,0.0129769626,1.8718268211,0.0592321169,0.1840975594,0.4040482743,0.5000000000,0.5000000000,mcd_bac_50_50_20y,2026-02-22T04:23:16+00:00
2015-05-29,29263.8335870155,0.0189971544,1.9263833587,0.0813358925,0.1798488343,0.5247711000,0.5000000000,0.5000000000,mcd_bac_50_50_20y,2026-02-22T04:23:16+00:00
2015-06-30,29639.0586133871,0.0128221419,1.9639058613,0.0954351330,0.1778743871,0.6020210764,0.5000000000,0.5000000000,mcd_bac_50_50_20y,2026-02-22T04:23:16+00:00
2015-07-31,31134.5354589456,0.0504562869,2.1134535459,0.1023721768,0.1788027843,0.6354028684,0.5000000000,0.5000000000,mcd_bac_50_50_20y,2026-02-22T04:23:16+00:00
2015-08-31,29169.7219111944,-0.0631072062,1.9169721911,0.0943964283,0.1809557034,0.5895567743,0.5000000000,0.5000000000,mcd_bac_50_50_20y,2026-02-22T04:23:16+00:00
2015-09-30,29074.8849306449,-0.0032512131,1.9074884931,0.0859692834,0.1806099008,0.5471897661,0.5000000000,0.5000000000,mcd_bac_50_50_20y,2026-02-22T04:23:16+00:00
2015-10-30,32218.8834274159,0.1081345121,2.2218883427,0.1178446085,0.1846054189,0.6970268309,0.5000000000,0.5000000000,mcd_bac_50_50_20y,2026-02-22T04:23:16+00:00
2015-11-30,33245.4732446214,0.0318629856,2.3245473245,0.1281667785,0.1844817585,0.7477421113,0.5000000000,0.5000000000,mcd_bac_50_50_20y,2026-02-22T04:23:16+00:00
2015-12-31,33297.9728350405,0.0015791500,2.3297972835,0.1072438863,0.1800911913,0.6568319583,0.5000000000,0.5000000000,mcd_bac_50_50_20y,2026-02-22T04:23:16+00:00
2016-01-29,31431.7327492851,-0.0560466577,2.1431732749,0.0957545731,0.1823719902,0.5931956472,0.5000000000,0.5000000000,mcd_bac_50_50_20y,2026-02-22T04:23:16+00:00
2016-02-29,28907.2057161748,-0.0803177812,1.8907205716,0.0695022181,0.1861756423,0.4537201999,0.5000000000,0.5000000000,mcd_bac_50_50_20y,2026-02-22T04:23:16+00:00
2016-03-31,31168.1447801803,0.0782136844,2.1168144780,0.0924893964,0.1880539312,0.5648572077,0.5000000000,0.5000000000,mcd_bac_50_50_20y,2026-02-22T04:23:16+00:00
2016-04-29,32467.3604983190,0.0416840889,2.2467360498,0.1069944122,0.1879847178,0.6357954665,0.5000000000,0.5000000000,mcd_bac_50_50_20y,2026-02-22T04:23:16+00:00
2016-05-31,32155.2531870963,-0.0096129561,2.2155253187,0.1042126494,0.1881636900,0.6218639655,0.5000000000,0.5000000000,mcd_bac_50_50_20y,2026-02-22T04:23:16+00:00
2016-06-30,30441.8143300088,-0.0532864365,2.0441814330,0.0957530215,0.1899274386,0.5770072055,0.5000000000,0.5000000000,mcd_bac_50_50_20y,2026-02-22T04:23:16+00:00
2016-07-29,31500.9312938855,0.0347915191,2.1500931294,0.1132979712,0.1886962975,0.6645136648,0.5000000000,0.5000000000,mcd_bac_50_50_20y,2026-02-22T04:23:16+00:00
2016-08-31,33230.0345426647,0.0548905438,2.3230034543,0.1374679332,0.1875162352,0.7832600550,0.5000000000,0.5000000000,mcd_bac_50_50_20y,2026-02-22T04:23:16+00:00
2016-09-30,32682.5168967526,-0.0164765897,2.2682516897,0.1683540523,0.1748657319,0.9809537831,0.5000000000,0.5000000000,mcd_bac_50_50_20y,2026-02-22T04:23:16+00:00
2016-10-31,33174.8425849329,0.0150638854,2.3174842585,0.1525389714,0.1717443438,0.9154246651,0.5000000000,0.5000000000,mcd_bac_50_50_20y,2026-02-22T04:23:16+00:00
2016-11-30,39022.0173452217,0.1762532782,2.9022017345,0.2113114513,0.1811492213,1.1538252708,0.5000000000,0.5000000000,mcd_bac_50_50_20y,2026-02-22T04:23:16+00:00
2016-12-30,40328.1476553714,0.0334716245,3.0328147655,0.2106711670,0.1810956308,1.1511453960,0.5000000000,0.5000000000,mcd_bac_50_50_20y,2026-02-22T04:23:16+00:00
2017-01-31,40961.6511612481,0.0157087182,3.0961651161,0.1841194711,0.1730407619,1.0670748961,0.5000000000,0.5000000000,mcd_bac_50_50_20y,2026-02-22T04:23:16+00:00
2017-02-28,43812.9451025513,0.0696088624,3.3812945103,0.1853037600,0.1733633357,1.0712415743,0.5000000000,0.5000000000,mcd_bac_50_50_20y,2026-02-22T04:23:16+00:00
2017-03-31,43245.6236219688,-0.0129487182,3.3245623622,0.1610735126,0.1700355898,0.9659009545,0.5000000000,0.5000000000,mcd_bac_50_50_20y,2026-02-22T04:23:16+00:00
2017-04-28,44738.1526783973,0.0345128346,3.4738152678,0.1885320748,0.1648832284,1.1344919439,0.5000000000,0.5000000000,mcd_bac_50_50_20y,2026-02-22T04:23:16+00:00
2017-05-31,45669.4470887446,0.0208165593,3.5669447089,0.2146378179,0.1585135292,1.3126681918,0.5000000000,0.5000000000,mcd_bac_50_50_20y,2026-02-22T04:23:16+00:00
2017-06-30,48043.3336685971,0.0519797530,3.8043333669,0.2146493921,0.1585157552,1.3127129946,0.5000000000,0.5000000000,mcd_bac_50_50_20y,2026-02-22T04:23:16+00:00
2017-07-31,48215.2474856227,0.0035783074,3.8215247486,0.2271887069,0.1559621547,1.3986261309,0.5000000000,0.5000000000,mcd_bac_50_50_20y,2026-02-22T04:23:16+00:00
2017-08-31,49005.5246326250,0.0163906065,3.9005524633,0.2194749466,0.1553341841,1.3623642472,0.5000000000,0.5000000000,mcd_bac_50_50_20y,2026-02-22T04:23:16+00:00
2017-09-29,49988.7819059614,0.0200642128,3.9988781906,0.2088053578,0.1537833068,1.3165130668,0.5000000000,0.5000000000,mcd_bac_50_50_20y,2026-02-22T04:23:16+00:00
2017-10-31,53642.7734007661,0.0730962299,4.3642773401,0.2257930769,0.1556335776,1.3938044351,0.5000000000,0.5000000000,mcd_bac_50_50_20y,2026-02-22T04:23:16+00:00
2017-11-30,55501.9742216754,0.0346589243,4.5501974222,0.2257467223,0.1556293122,1.3935911978,0.5000000000,0.5000000000,mcd_bac_50_50_20y,2026-02-22T04:23:16+00:00
2017-12-29,56856.1051054283,0.0243978868,4.6856105105,0.2092824729,0.1515726844,1.3363330812,0.5000000000,0.5000000000,mcd_bac_50_50_20y,2026-02-22T04:23:16+00:00
2018-01-31,59082.5090781702,0.0391585735,4.9082509078,0.2119807953,0.1518262963,1.3492713324,0.5000000000,0.5000000000,mcd_bac_50_50_20y,2026-02-22T04:23:16+00:00
2018-02-28,57034.0399646131,-0.0346713291,4.7034039965,0.2025615757,0.1534749590,1.2847335548,0.5000000000,0.5000000000,mcd_bac_50_50_20y,2026-02-22T04:23:16+00:00
2018-03-29,55013.6614343115,-0.0354240824,4.5013661434,0.1796277376,0.1537720573,1.1554638551,0.5000000000,0.5000000000,mcd_bac_50_50_20y,2026-02-22T04:23:16+00:00
2018-04-30,56894.8810415431,0.0341954990,4.6894881042,0.1834447428,0.1540122089,1.1751810728,0.5000000000,0.5000000000,mcd_bac_50_50_20y,2026-02-22T04:23:16+00:00
2018-05-31,54908.6802940955,-0.0349100079,4.4908680294,0.1678498727,0.1554346849,1.0792707338,0.5000000000,0.5000000000,mcd_bac_50_50_20y,2026-02-22T04:23:16+00:00
2018-06-29,53706.2265772927,-0.0218991553,4.3706226577,0.1665288279,0.1556746074,1.0704760368,0.5000000000,0.5000000000,mcd_bac_50_50_20y,2026-02-22T04:23:16+00:00
2018-07-31,56414.3223737206,0.0504242426,4.6414322374,0.1637544357,0.1549673198,1.0591249532,0.5000000000,0.5000000000,mcd_bac_50_50_20y,2026-02-22T04:23:16+00:00
2018-08-31,57481.0609292030,0.0189090024,4.7481060929,0.1756280949,0.1536111984,1.1341282124,0.5000000000,0.5000000000,mcd_bac_50_50_20y,2026-02-22T04:23:16+00:00
2018-09-28,57143.8755680853,-0.0058660254,4.7143875568,0.1745242112,0.1537227373,1.1272157661,0.5000000000,0.5000000000,mcd_bac_50_50_20y,2026-02-22T04:23:16+00:00
2018-10-31,56884.2707715477,-0.0045430030,4.6884270772,0.1716398675,0.1539298892,1.1096998884,0.5000000000,0.5000000000,mcd_bac_50_50_20y,2026-02-22T04:23:16+00:00
2018-11-30,59868.6891609783,0.0524647385,4.9868689161,0.1667268115,0.1524586054,1.0910935221,0.5000000000,0.5000000000,mcd_bac_50_50_20y,2026-02-22T04:23:16+00:00
2018-12-31,54313.4854724640,-0.0927897999,4.4313485472,0.1463705232,0.1594493615,0.9385722764,0.5000000000,0.5000000000,mcd_bac_50_50_20y,2026-02-22T04:23:16+00:00
2019-01-31,58719.7304016603,0.0811261677,4.8719730402,0.1590760219,0.1623211808,0.9933934558,0.5000000000,0.5000000000,mcd_bac_50_50_20y,2026-02-22T04:23:16+00:00
2019-02-28,60525.0940552087,0.0307454350,5.0525094055,0.1654326589,0.1624317179,1.0269534573,0.5000000000,0.5000000000,mcd_bac_50_50_20y,2026-02-22T04:23:16+00:00
2019-03-29,59972.0587380581,-0.0091372897,4.9972058738,0.1551600209,0.1624452033,0.9716514938,0.5000000000,0.5000000000,mcd_bac_50_50_20y,2026-02-22T04:23:16+00:00
2019-04-30,64432.8588461945,0.0743813069,5.4432858846,0.1821512666,0.1626888868,1.1142484353,0.5000000000,0.5000000000,mcd_bac_50_50_20y,2026-02-22T04:23:16+00:00
2019-05-31,60543.3493993162,-0.0603653092,5.0543349399,0.1665248074,0.1660968590,1.0135469445,0.5000000000,0.5000000000,mcd_bac_50_50_20y,2026-02-22T04:23:16+00:00
2019-06-28,64886.6158525523,0.0717381264,5.4886615853,0.1817345434,0.1680232820,1.0819359812,0.5000000000,0.5000000000,mcd_bac_50_50_20y,2026-02-22T04:23:16+00:00
2019-07-31,67244.1710533217,0.0363334591,5.7244171053,0.1986055317,0.1667427348,1.1752983586,0.5000000000,0.5000000000,mcd_bac_50_50_20y,2026-02-22T04:23:16+00:00
2019-08-30,65110.8682733467,-0.0317247242,5.5110868273,0.1844864106,0.1680362534,1.0959071252,0.5000000000,0.5000000000,mcd_bac_50_50_20y,2026-02-22T04:23:16+00:00
2019-09-30,66815.9380761514,0.0261871766,5.6815938076,0.1819419850,0.1678148234,1.0841323028,0.5000000000,0.5000000000,mcd_bac_50_50_20y,2026-02-22T04:23:16+00:00
2019-10-31,66418.7590491836,-0.0059443755,5.6418759049,0.1811174413,0.1678962452,1.0794675381,0.5000000000,0.5000000000,mcd_bac_50_50_20y,2026-02-22T04:23:16+00:00
2019-11-29,68431.5075395451,0.0303039159,5.8431507540,0.1840753504,0.1680310129,1.0938426956,0.5000000000,0.5000000000,mcd_bac_50_50_20y,2026-02-22T04:23:16+00:00
2019-12-31,71130.7086069352,0.0394438346,6.1130708607,0.1908024499,0.1683599494,1.1261916371,0.5000000000,0.5000000000,mcd_bac_50_50_20y,2026-02-22T04:23:16+00:00
2020-01-31,71661.7150323642,0.0074652205,6.1661715032,0.2135020806,0.1622766211,1.2802775622,0.5000000000,0.5000000000,mcd_bac_50_50_20y,2026-02-22T04:23:16+00:00
2020-02-28,63823.7394272793,-0.1093746584,5.3823739427,0.1716717143,0.1706001624,1.0176404650,0.5000000000,0.5000000000,mcd_bac_50_50_20y,2026-02-22T04:23:16+00:00
2020-03-31,51098.5293879878,-0.1993805150,4.1098529388,0.1250451313,0.1951044800,0.7050679492,0.5000000000,0.5000000000,mcd_bac_50_50_20y,2026-02-22T04:23:16+00:00
2020-04-30,57924.0669892822,0.1335760086,4.7924066989,0.1506418348,0.2026051104,0.7980140507,0.5000000000,0.5000000000,mcd_bac_50_50_20y,2026-02-22T04:23:16+00:00
2020-05-29,58008.7094166723,0.0014612653,4.8008709417,0.1466540174,0.2026596420,0.7804935676,0.5000000000,0.5000000000,mcd_bac_50_50_20y,2026-02-22T04:23:16+00:00
2020-06-30,57474.9659328722,-0.0092010922,4.7474965933,0.1416234037,0.2029067565,0.7578352876,0.5000000000,0.5000000000,mcd_bac_50_50_20y,2026-02-22T04:23:16+00:00
2020-07-31,60370.5080704842,0.0503791884,5.0370508070,0.1416066452,0.2029038503,0.7577701468,0.5000000000,0.5000000000,mcd_bac_50_50_20y,2026-02-22T04:23:16+00:00
2020-08-31,64597.2925139224,0.0700140611,5.4597292514,0.1723476180,0.2015020516,0.8951707067,0.5000000000,0.5000000000,mcd_bac_50_50_20y,2026-02-22T04:23:16+00:00
2020-09-30,63640.5023201566,-0.0148116145,5.3640502320,0.1696155104,0.2017815174,0.8824725669,0.5000000000,0.5000000000,mcd_bac_50_50_20y,2026-02-22T04:23:16+00:00
2020-10-30,62184.4695560305,-0.0228790269,5.2184469556,0.1405498972,0.1979308631,0.7672575336,0.5000000000,0.5000000000,mcd_bac_50_50_20y,2026-02-22T04:23:16+00:00
2020-11-30,68872.3593991608,0.1075491982,5.8872359399,0.1568112096,0.2022712659,0.8256298176,0.5000000000,0.5000000000,mcd_bac_50_50_20y,2026-02-22T04:23:16+00:00
2020-12-31,71279.6155287312,0.0349524272,6.1279615529,0.1644196100,0.2024078308,0.8580490347,0.5000000000,0.5000000000,mcd_bac_50_50_20y,2026-02-22T04:23:16+00:00
2021-01-29,69384.1151829910,-0.0265924603,5.9384115183,0.1715972570,0.2007424172,0.8945129076,0.5000000000,0.5000000000,mcd_bac_50_50_20y,2026-02-22T04:23:16+00:00
2021-02-26,75232.5109059054,0.0842901247,6.5232510906,0.2108208443,0.1983347953,1.0713615032,0.5000000000,0.5000000000,mcd_bac_50_50_20y,2026-02-22T04:23:16+00:00
2021-03-31,83038.6500959456,0.1037601842,7.3038650096,0.2165049084,0.2002398193,1.0866847822,0.5000000000,0.5000000000,mcd_bac_50_50_20y,2026-02-22T04:23:16+00:00
2021-04-30,87224.9494360034,0.0504138655,7.7224949436,0.2185370782,0.2004865550,1.0940560066,0.5000000000,0.5000000000,mcd_bac_50_50_20y,2026-02-22T04:23:16+00:00
2021-05-28,89060.4779027193,0.0210436174,7.9060477903,0.2259891242,0.2000874876,1.1268812319,0.5000000000,0.5000000000,mcd_bac_50_50_20y,2026-02-22T04:23:16+00:00
2021-06-30,87472.1063123213,-0.0178347526,7.7472106312,0.2350365497,0.1981084482,1.1739285899,0.5000000000,0.5000000000,mcd_bac_50_50_20y,2026-02-22T04:23:16+00:00
2021-07-30,86646.7415118554,-0.0094357486,7.6646741512,0.2242941330,0.1983958427,1.1276431737,0.5000000000,0.5000000000,mcd_bac_50_50_20y,2026-02-22T04:23:16+00:00
2021-08-31,89770.6290499429,0.0360531450,7.9770629050,0.2198900672,0.1978740238,1.1115771222,0.5000000000,0.5000000000,mcd_bac_50_50_20y,2026-02-22T04:23:16+00:00
2021-09-30,91447.0058282389,0.0186740006,8.1447005828,0.2284876622,0.1972398737,1.1507934568,0.5000000000,0.5000000000,mcd_bac_50_50_20y,2026-02-22T04:23:16+00:00
2021-10-29,98030.0159862269,0.0719871591,8.8030015986,0.2419669544,0.1986515582,1.1999252002,0.5000000000,0.5000000000,mcd_bac_50_50_20y,2026-02-22T04:23:16+00:00
2021-11-30,94715.5118637831,-0.0338111148,8.4715511864,0.1940493557,0.1868806910,1.0506924558,0.5000000000,0.5000000000,mcd_bac_50_50_20y,2026-02-22T04:23:16+00:00
2021-12-31,99508.9415433952,0.0506087080,8.9508941543,0.1979833068,0.1873563295,1.0663186530,0.5000000000,0.5000000000,mcd_bac_50_50_20y,2026-02-22T04:23:16+00:00
2022-01-31,99754.2913650200,0.0024656058,8.9754291365,0.1948429533,0.1874634168,1.0515807820,0.5000000000,0.5000000000,mcd_bac_50_50_20y,2026-02-22T04:23:16+00:00
2022-02-28,95096.8114991146,-0.0466895188,8.5096811499,0.1676500484,0.1879673183,0.9250185177,0.5000000000,0.5000000000,mcd_bac_50_50_20y,2026-02-22T04:23:16+00:00
2022-03-31,92595.4641903783,-0.0263031669,8.2595464190,0.1644732321,0.1884580425,0.9084375391,0.5000000000,0.5000000000,mcd_bac_50_50_20y,2026-02-22T04:23:16+00:00
2022-04-29,86724.9949720510,-0.0633991013,7.6724994972,0.1415455547,0.1913829012,0.7922336439,0.5000000000,0.5000000000,mcd_bac_50_50_20y,2026-02-22T04:23:16+00:00
2022-05-31,89103.0915160202,0.0274211206,7.9103091516,0.1430188794,0.1914631022,0.7988008325,0.5000000000,0.5000000000,mcd_bac_50_50_20y,2026-02-22T04:23:16+00:00
2022-06-30,81348.4387849366,-0.0870301198,7.1348438785,0.1110745951,0.1957148155,0.6393941641,0.5000000000,0.5000000000,mcd_bac_50_50_20y,2026-02-22T04:23:16+00:00
2022-07-29,87566.8868148739,0.0764421312,7.7566886815,0.1267591718,0.1978966589,0.7059829936,0.5000000000,0.5000000000,mcd_bac_50_50_20y,2026-02-22T04:23:16+00:00
2022-08-31,85693.8203951526,-0.0213901223,7.5693820395,0.1182551126,0.1984328488,0.6659962334,0.5000000000,0.5000000000,mcd_bac_50_50_20y,2026-02-22T04:23:16+00:00
2022-09-30,77941.9996200339,-0.0904595073,6.7941999620,0.0928984194,0.2034987975,0.5407932981,0.5000000000,0.5000000000,mcd_bac_50_50_20y,2026-02-22T04:23:16+00:00
2022-10-31,92558.2145534837,0.1875268149,8.2558214553,0.1152718718,0.2168092038,0.6131515661,0.5000000000,0.5000000000,mcd_bac_50_50_20y,2026-02-22T04:23:16+00:00
2022-11-30,95165.2843131034,0.0281668113,8.5165284313,0.1138687597,0.2166849941,0.6075108284,0.5000000000,0.5000000000,mcd_bac_50_50_20y,2026-02-22T04:23:16+00:00
2022-12-30,87847.2256393859,-0.0768984060,7.7847225639,0.0909131806,0.2201164907,0.5060012601,0.5000000000,0.5000000000,mcd_bac_50_50_20y,2026-02-22T04:23:16+00:00
2023-01-31,91622.0795698389,0.0429706676,8.1622079570,0.0917123993,0.2202283034,0.5092063045,0.5000000000,0.5000000000,mcd_bac_50_50_20y,2026-02-22T04:23:16+00:00
2023-02-28,89761.6360003055,-0.0203056248,7.9761636000,0.0949425293,0.2197374850,0.5234190304,0.5000000000,0.5000000000,mcd_bac_50_50_20y,2026-02-22T04:23:16+00:00
2023-03-31,85215.9595864981,-0.0506416395,7.5215959586,0.0914656633,0.2204755980,0.5078624161,0.5000000000,0.5000000000,mcd_bac_50_50_20y,2026-02-22T04:23:16+00:00
2023-04-28,88688.5066872380,0.0407499618,7.8688506687,0.0928456546,0.2206453624,0.5134128414,0.5000000000,0.5000000000,mcd_bac_50_50_20y,2026-02-22T04:23:16+00:00
2023-05-31,84836.5746920587,-0.0434321440,7.4836574692,0.0909087469,0.2210263493,0.5048164420,0.5000000000,0.5000000000,mcd_bac_50_50_20y,2026-02-22T04:23:16+00:00
2023-06-30,88774.1811259042,0.0464140195,7.8774181126,0.1057384383,0.2211765397,0.5662461779,0.5000000000,0.5000000000,mcd_bac_50_50_20y,2026-02-22T04:23:16+00:00
2023-07-31,93120.2174763139,0.0489560849,8.3120217476,0.1054291715,0.2211235211,0.5650540390,0.5000000000,0.5000000000,mcd_bac_50_50_20y,2026-02-22T04:23:16+00:00
2023-08-31,86949.1820536769,-0.0662695555,7.6949182054,0.0862959118,0.2237236800,0.4823406584,0.5000000000,0.5000000000,mcd_bac_50_50_20y,2026-02-22T04:23:16+00:00
2023-09-29,82254.5308679662,-0.0539930460,7.2254530868,0.0755683837,0.2254027849,0.4360444040,0.5000000000,0.5000000000,mcd_bac_50_50_20y,2026-02-22T04:23:16+00:00
2023-10-31,80494.0881783160,-0.0214023796,7.0494088178,0.0719002150,0.2257223736,0.4204888782,0.5000000000,0.5000000000,mcd_bac_50_50_20y,2026-02-22T04:23:16+00:00
2023-11-30,90485.9429544548,0.1241315356,8.0485942954,0.0861161549,0.2308174980,0.4733051353,0.5000000000,0.5000000000,mcd_bac_50_50_20y,2026-02-22T04:23:16+00:00
2023-12-29,97559.5432669612,0.0781734718,8.7559543267,0.1242746463,0.2281145968,0.6288057119,0.5000000000,0.5000000000,mcd_bac_50_50_20y,2026-02-22T04:23:16+00:00
2024-01-31,97428.6221579210,-0.0013419611,8.7428622158,0.1065741012,0.2259999346,0.5617087276,0.5000000000,0.5000000000,mcd_bac_50_50_20y,2026-02-22T04:23:16+00:00
2024-02-29,98710.9523098561,0.0131617396,8.8710952310,0.1027726174,0.2258175421,0.5465890535,0.5000000000,0.5000000000,mcd_bac_50_50_20y,2026-02-22T04:23:16+00:00
2024-03-28,101827.7831548156,0.0315753295,9.1827783155,0.1116894041,0.2258393213,0.5825908425,0.5000000000,0.5000000000,mcd_bac_50_50_20y,2026-02-22T04:23:16+00:00
2024-04-30,98997.0227402974,-0.0277994898,8.8997022740,0.0896899525,0.2246233533,0.4947649452,0.5000000000,0.5000000000,mcd_bac_50_50_20y,2026-02-22T04:23:16+00:00
2024-05-31,100417.3801509495,0.0143474760,9.0417380151,0.1064925359,0.2223870130,0.5669320184,0.5000000000,0.5000000000,mcd_bac_50_50_20y,2026-02-22T04:23:16+00:00
2024-06-28,99980.2835977001,-0.0043527978,8.9980283598,0.0903146513,0.2207231164,0.5022588259,0.5000000000,0.5000000000,mcd_bac_50_50_20y,2026-02-22T04:23:16+00:00
2024-07-31,102730.5278364685,0.0275078659,9.2730527836,0.0884512315,0.2205379762,0.4946767744,0.5000000000,0.5000000000,mcd_bac_50_50_20y,2026-02-22T04:23:16+00:00
2024-08-30,107792.9202318207,0.0492783645,9.7792920232,0.1060820645,0.2204640468,0.5683268281,0.5000000000,0.5000000000,mcd_bac_50_50_20y,2026-02-22T04:23:16+00:00
2024-09-30,110010.1248168125,0.0205691114,10.0010124817,0.1048683105,0.2203967427,0.5634022440,0.5000000000,0.5000000000,mcd_bac_50_50_20y,2026-02-22T04:23:16+00:00
2024-10-31,110736.7540485978,0.0066051123,10.0736754049,0.1076440181,0.2202794889,0.5750962906,0.5000000000,0.5000000000,mcd_bac_50_50_20y,2026-02-22T04:23:16+00:00
2024-11-29,119009.3804084726,0.0747053355,10.9009380408,0.1170304636,0.2219775087,0.6107024160,0.5000000000,0.5000000000,mcd_bac_50_50_20y,2026-02-22T04:23:16+00:00
2024-12-31,113977.0826017740,-0.0422848837,10.3977082602,0.0988845826,0.2228770249,0.5348979209,0.5000000000,0.5000000000,mcd_bac_50_50_20y,2026-02-22T04:23:16+00:00
2025-01-31,116790.3231142018,0.0246825103,10.6790323114,0.1026150917,0.2229712086,0.5501154878,0.5000000000,0.5000000000,mcd_bac_50_50_20y,2026-02-22T04:23:16+00:00
2025-02-28,120508.6114085066,0.0318372978,11.0508611409,0.1355523680,0.2164126921,0.6972895393,0.5000000000,0.5000000000,mcd_bac_50_50_20y,2026-02-22T04:23:16+00:00
2025-03-31,116283.0207946330,-0.0350646362,10.6283020795,0.1787496609,0.1951081743,0.9418645981,0.5000000000,0.5000000000,mcd_bac_50_50_20y,2026-02-22T04:23:16+00:00
2025-04-30,115060.4839513510,-0.0105134596,10.5060483951,0.1471320924,0.1878507143,0.8248442873,0.5000000000,0.5000000000,mcd_bac_50_50_20y,2026-02-22T04:23:16+00:00
2025-05-30,120147.5976384796,0.0442125177,11.0147597638,0.1567629699,0.1882930891,0.8683156658,0.5000000000,0.5000000000,mcd_bac_50_50_20y,2026-02-22T04:23:16+00:00
2025-06-30,121037.1439232204,0.0074037792,11.1037143923,0.1606144916,0.1880299274,0.8871928828,0.5000000000,0.5000000000,mcd_bac_50_50_20y,2026-02-22T04:23:16+00:00
2025-07-31,122609.5615415795,0.0129911990,11.2609561542,0.1522319187,0.1872966890,0.8507422971,0.5000000000,0.5000000000,mcd_bac_50_50_20y,2026-02-22T04:23:16+00:00
2025-08-29,129861.7732096351,0.0591488264,11.9861773210,0.1498823361,0.1866893214,0.8418701579,0.5000000000,0.5000000000,mcd_bac_50_50_20y,2026-02-22T04:23:16+00:00
2025-09-30,129675.5768353176,-0.0014338043,11.9675576835,0.1529883468,0.1863781648,0.8576312075,0.5000000000,0.5000000000,mcd_bac_50_50_20y,2026-02-22T04:23:16+00:00
2025-10-31,130848.2636260422,0.0090432356,12.0848263626,0.1604253456,0.1856625062,0.8953244592,0.5000000000,0.5000000000,mcd_bac_50_50_20y,2026-02-22T04:23:16+00:00
2025-11-28,134028.5270411092,0.0243049722,12.4028527041,0.1424322561,0.1807863886,0.8273816351,0.5000000000,0.5000000000,mcd_bac_50_50_20y,2026-02-22T04:23:16+00:00
2025-12-31,135135.6731743068,0.0082605260,12.5135673174,0.1364777360,0.1805049777,0.7990968415,0.5000000000,0.5000000000,mcd_bac_50_50_20y,2026-02-22T04:23:16+00:00
2026-01-30,134995.8557138280,-0.0010346451,12.4995855714,0.1423839067,0.1797533198,0.8308748945,0.5000000000,0.5000000000,mcd_bac_50_50_20y,2026-02-22T04:23:16+00:00
2026-02-20,137867.4248250095,0.0212715353,12.7867424825,0.1287849786,0.1768157923,0.7733969964,0.5000000000,0.5000000000,mcd_bac_50_50_20y,2026-02-22T04:23:16+00:00
